Time,Susceptible,Infected,Recovered
0.000000,99900.000000,100.000000,0.000000
0.100000,99897.170000,101.910000,0.920000
0.200000,99894.110000,103.930000,1.960000
0.300000,99890.970000,106.050000,2.980000
0.400000,99887.570000,108.280000,4.150000
0.500000,99884.010000,110.930000,5.060000
0.600000,99880.520000,113.290000,6.190000
0.700000,99877.080000,115.540000,7.380000
0.800000,99873.700000,117.790000,8.510000
0.900000,99870.190000,120.070000,9.740000
1.000000,99866.760000,122.360000,10.880000
1.100000,99862.940000,125.010000,12.050000
1.200000,99859.680000,126.960000,13.360000
1.300000,99855.850000,129.560000,14.590000
1.400000,99851.710000,132.280000,16.010000
1.500000,99847.610000,134.790000,17.600000
1.600000,99843.660000,137.350000,18.990000
1.700000,99839.540000,140.170000,20.290000
1.800000,99835.290000,142.880000,21.830000
1.900000,99831.270000,145.620000,23.110000
2.000000,99826.840000,148.630000,24.530000
2.100000,99822.270000,151.720000,26.010000
2.200000,99817.440000,155.200000,27.360000
2.300000,99812.830000,158.240000,28.930000
2.400000,99808.150000,161.220000,30.630000
2.500000,99803.170000,164.760000,32.070000
2.600000,99798.450000,167.750000,33.800000
2.700000,99793.300000,171.180000,35.520000
2.800000,99788.020000,174.750000,37.230000
2.900000,99782.610000,178.440000,38.950000
3.000000,99777.530000,181.920000,40.550000
3.100000,99772.370000,185.280000,42.350000
3.200000,99766.860000,189.030000,44.110000
3.300000,99761.350000,192.680000,45.970000
3.400000,99755.720000,196.630000,47.650000
3.500000,99749.900000,200.610000,49.490000
3.600000,99743.940000,204.810000,51.250000
3.700000,99737.780000,208.970000,53.250000
3.800000,99731.560000,213.180000,55.260000
3.900000,99725.180000,217.410000,57.410000
4.000000,99718.290000,222.340000,59.370000
4.100000,99711.690000,226.620000,61.690000
4.200000,99704.850000,231.270000,63.880000
4.300000,99698.030000,235.610000,66.360000
4.400000,99690.800000,240.550000,68.650000
4.500000,99683.280000,245.440000,71.280000
4.600000,99675.810000,250.660000,73.530000
4.700000,99668.110000,256.040000,75.850000
4.800000,99660.150000,261.890000,77.960000
4.900000,99652.720000,266.650000,80.630000
5.000000,99644.860000,271.710000,83.430000
5.100000,99637.360000,276.410000,86.230000
5.200000,99628.780000,282.110000,89.110000
5.300000,99619.960000,288.110000,91.930000
5.400000,99611.590000,293.400000,95.010000
5.500000,99602.420000,299.880000,97.700000
5.600000,99593.510000,305.710000,100.780000
5.700000,99584.120000,311.980000,103.900000
5.800000,99574.480000,318.830000,106.690000
5.900000,99565.110000,325.100000,109.790000
6.000000,99555.420000,331.190000,113.390000
6.100000,99545.230000,338.010000,116.760000
6.200000,99535.090000,344.810000,120.100000
6.300000,99524.310000,352.190000,123.500000
6.400000,99513.390000,359.880000,126.730000
6.500000,99502.900000,366.930000,130.170000
6.600000,99492.020000,373.970000,134.010000
6.700000,99480.690000,381.270000,138.040000
6.800000,99468.300000,390.080000,141.620000
6.900000,99457.260000,397.310000,145.430000
7.000000,99445.600000,405.070000,149.330000
7.100000,99433.670000,413.340000,152.990000
7.200000,99421.220000,421.700000,157.080000
7.300000,99408.930000,429.830000,161.240000
7.400000,99395.840000,438.660000,165.500000
7.500000,99382.630000,447.300000,170.070000
7.600000,99369.450000,456.060000,174.490000
7.700000,99355.900000,465.280000,178.820000
7.800000,99342.210000,474.420000,183.370000
7.900000,99328.010000,483.740000,188.250000
8.000000,99313.990000,492.840000,193.170000
8.100000,99299.470000,502.450000,198.080000
8.200000,99284.700000,512.330000,202.970000
8.300000,99269.510000,522.410000,208.080000
8.400000,99253.970000,533.060000,212.970000
8.500000,99237.780000,543.950000,218.270000
8.600000,99221.870000,553.980000,224.150000
8.700000,99205.990000,564.480000,229.530000
8.800000,99188.610000,576.070000,235.320000
8.900000,99171.530000,587.230000,241.240000
9.000000,99154.070000,598.720000,247.210000
9.100000,99135.950000,610.740000,253.310000
9.200000,99117.570000,623.030000,259.400000
9.300000,99098.780000,635.340000,265.880000
9.400000,99079.980000,648.070000,271.950000
9.500000,99060.420000,660.980000,278.600000
9.600000,99041.090000,673.780000,285.130000
9.700000,99021.010000,687.290000,291.700000
9.800000,99000.120000,701.120000,298.760000
9.900000,98978.360000,716.040000,305.600000
10.000000,98956.530000,730.940000,312.530000
10.100000,98934.470000,745.860000,319.670000
10.200000,98913.030000,759.990000,326.980000
10.300000,98890.690000,774.660000,334.650000
10.400000,98867.140000,790.970000,341.890000
10.500000,98843.610000,807.010000,349.380000
10.600000,98819.550000,822.920000,357.530000
10.700000,98794.950000,839.100000,365.950000
10.800000,98770.490000,855.240000,374.270000
10.900000,98744.940000,872.210000,382.850000
11.000000,98719.440000,888.980000,391.580000
11.100000,98693.810000,905.520000,400.670000
11.200000,98666.910000,923.170000,409.920000
11.300000,98639.580000,941.110000,419.310000
11.400000,98610.930000,960.780000,428.290000
11.500000,98582.530000,979.550000,437.920000
11.600000,98554.350000,997.360000,448.290000
11.700000,98524.380000,1017.430000,458.190000
11.800000,98494.320000,1036.500000,469.180000
11.900000,98463.880000,1056.880000,479.240000
12.000000,98432.690000,1077.240000,490.070000
12.100000,98400.720000,1098.990000,500.290000
12.200000,98368.380000,1120.260000,511.360000
12.300000,98336.270000,1140.800000,522.930000
12.400000,98302.770000,1162.600000,534.630000
12.500000,98269.600000,1184.320000,546.080000
12.600000,98234.890000,1206.500000,558.610000
12.700000,98199.550000,1229.570000,570.880000
12.800000,98163.210000,1253.480000,583.310000
12.900000,98126.720000,1277.800000,595.480000
13.000000,98090.710000,1300.920000,608.370000
13.100000,98052.280000,1326.310000,621.410000
13.200000,98014.050000,1350.520000,635.430000
13.300000,97974.670000,1375.910000,649.420000
13.400000,97934.410000,1402.570000,663.020000
13.500000,97894.690000,1427.890000,677.420000
13.600000,97852.020000,1455.490000,692.490000
13.700000,97809.320000,1483.680000,707.000000
13.800000,97766.120000,1512.030000,721.850000
13.900000,97722.220000,1540.500000,737.280000
14.000000,97676.240000,1571.310000,752.450000
14.100000,97630.410000,1602.250000,767.340000
14.200000,97584.080000,1632.590000,783.330000
14.300000,97536.600000,1664.160000,799.240000
14.400000,97487.200000,1696.110000,816.690000
14.500000,97437.690000,1728.540000,833.770000
14.600000,97388.120000,1760.860000,851.020000
14.700000,97335.810000,1796.340000,867.850000
14.800000,97284.450000,1829.400000,886.150000
14.900000,97231.640000,1864.350000,904.010000
15.000000,97177.190000,1900.410000,922.400000
15.100000,97121.700000,1936.170000,942.130000
15.200000,97064.820000,1974.090000,961.090000
15.300000,97008.590000,2010.620000,980.790000
15.400000,96951.380000,2047.380000,1001.240000
15.500000,96891.170000,2088.030000,1020.800000
15.600000,96830.980000,2126.490000,1042.530000
15.700000,96767.180000,2168.850000,1063.970000
15.800000,96705.040000,2209.540000,1085.420000
15.900000,96642.220000,2250.800000,1106.980000
16.000000,96577.460000,2292.570000,1129.970000
16.100000,96512.340000,2334.640000,1153.020000
16.200000,96444.810000,2378.640000,1176.550000
16.300000,96376.530000,2423.410000,1200.060000
16.400000,96307.940000,2466.920000,1225.140000
16.500000,96235.600000,2514.610000,1249.790000
16.600000,96163.630000,2561.720000,1274.650000
16.700000,96089.660000,2608.720000,1301.620000
16.800000,96014.210000,2658.390000,1327.400000
16.900000,95937.760000,2709.380000,1352.860000
17.000000,95859.460000,2760.710000,1379.830000
17.100000,95780.360000,2812.220000,1407.420000
17.200000,95699.570000,2864.710000,1435.720000
17.300000,95617.610000,2917.910000,1464.480000
17.400000,95534.550000,2970.630000,1494.820000
17.500000,95447.820000,3027.770000,1524.410000
17.600000,95361.290000,3084.460000,1554.250000
17.700000,95273.930000,3140.720000,1585.350000
17.800000,95183.770000,3200.470000,1615.760000
17.900000,95092.770000,3259.580000,1647.650000
18.000000,95001.240000,3318.260000,1680.500000
18.100000,94906.560000,3380.410000,1713.030000
18.200000,94811.260000,3441.160000,1747.580000
18.300000,94712.470000,3505.690000,1781.840000
18.400000,94611.810000,3570.290000,1817.900000
18.500000,94513.450000,3632.250000,1854.300000
18.600000,94410.870000,3699.020000,1890.110000
18.700000,94304.600000,3769.000000,1926.400000
18.800000,94200.130000,3835.990000,1963.880000
18.900000,94092.220000,3905.490000,2002.290000
19.000000,93981.390000,3976.830000,2041.780000
19.100000,93869.360000,4048.180000,2082.460000
19.200000,93754.570000,4121.230000,2124.200000
19.300000,93639.060000,4195.090000,2165.850000
19.400000,93522.410000,4269.280000,2208.310000
19.500000,93401.670000,4347.580000,2250.750000
19.600000,93279.220000,4427.470000,2293.310000
19.700000,93154.040000,4508.730000,2337.230000
19.800000,93025.930000,4592.750000,2381.320000
19.900000,92897.360000,4674.690000,2427.950000
20.000000,92768.640000,4756.570000,2474.790000
20.100000,92634.230000,4844.070000,2521.700000
20.200000,92503.070000,4926.850000,2570.080000
20.300000,92367.740000,5013.650000,2618.610000
20.400000,92226.420000,5104.240000,2669.340000
20.500000,92083.830000,5196.070000,2720.100000
20.600000,91941.550000,5286.580000,2771.870000
20.700000,91794.800000,5379.710000,2825.490000
20.800000,91648.190000,5471.830000,2879.980000
20.900000,91497.950000,5565.700000,2936.350000
21.000000,91345.580000,5662.220000,2992.200000
21.100000,91190.470000,5761.140000,3048.390000
21.200000,91032.840000,5859.950000,3107.210000
21.300000,90873.000000,5961.450000,3165.550000
21.400000,90709.240000,6065.070000,3225.690000
21.500000,90543.030000,6171.230000,3285.740000
21.600000,90375.680000,6278.270000,3346.050000
21.700000,90206.820000,6385.220000,3407.960000
21.800000,90035.010000,6492.040000,3472.950000
21.900000,89859.260000,6603.180000,3537.560000
22.000000,89681.150000,6715.360000,3603.490000
22.100000,89499.070000,6829.560000,3671.370000
22.200000,89314.950000,6944.640000,3740.410000
22.300000,89129.910000,7061.180000,3808.910000
22.400000,88942.660000,7177.040000,3880.300000
22.500000,88752.420000,7295.550000,3952.030000
22.600000,88558.820000,7414.570000,4026.610000
22.700000,88363.110000,7535.140000,4101.750000
22.800000,88161.940000,7660.950000,4177.110000
22.900000,87958.420000,7789.310000,4252.270000
23.000000,87753.000000,7916.060000,4330.940000
23.100000,87543.950000,8043.530000,4412.520000
23.200000,87332.060000,8175.390000,4492.550000
23.300000,87119.240000,8307.190000,4573.570000
23.400000,86901.190000,8443.810000,4655.000000
23.500000,86681.410000,8578.860000,4739.730000
23.600000,86460.590000,8714.130000,4825.280000
23.700000,86234.740000,8853.480000,4911.780000
23.800000,86005.670000,8995.860000,4998.470000
23.900000,85772.710000,9138.940000,5088.350000
24.000000,85539.380000,9282.230000,5178.390000
24.100000,85299.860000,9429.480000,5270.660000
24.200000,85058.840000,9577.700000,5363.460000
24.300000,84815.290000,9724.420000,5460.290000
24.400000,84565.770000,9876.570000,5557.660000
24.500000,84313.720000,10030.070000,5656.210000
24.600000,84060.220000,10184.060000,5755.720000
24.700000,83805.000000,10338.810000,5856.190000
24.800000,83545.610000,10494.790000,5959.600000
24.900000,83283.760000,10650.950000,6065.290000
25.000000,83017.040000,10811.090000,6171.870000
25.100000,82748.660000,10970.620000,6280.720000
25.200000,82475.660000,11133.220000,6391.120000
25.300000,82200.390000,11297.390000,6502.220000
25.400000,81921.000000,11463.800000,6615.200000
25.500000,81641.800000,11627.310000,6730.890000
25.600000,81354.870000,11796.110000,6849.020000
25.700000,81066.510000,11967.680000,6965.810000
25.800000,80774.630000,12138.250000,7087.120000
25.900000,80483.310000,12306.960000,7209.730000
26.000000,80189.530000,12477.770000,7332.700000
26.100000,79892.530000,12649.820000,7457.650000
26.200000,79591.480000,12825.380000,7583.140000
26.300000,79285.220000,13004.570000,7710.210000
26.400000,78974.960000,13185.620000,7839.420000
26.500000,78666.320000,13361.330000,7972.350000
26.600000,78351.330000,13541.820000,8106.850000
26.700000,78036.170000,13721.160000,8242.670000
26.800000,77716.770000,13903.900000,8379.330000
26.900000,77390.830000,14090.360000,8518.810000
27.000000,77064.890000,14273.460000,8661.650000
27.100000,76736.310000,14460.170000,8803.520000
27.200000,76405.530000,14645.700000,8948.770000
27.300000,76069.440000,14833.650000,9096.910000
27.400000,75731.600000,15022.220000,9246.180000
27.500000,75389.610000,15215.140000,9395.250000
27.600000,75044.790000,15407.950000,9547.260000
27.700000,74698.000000,15601.050000,9700.950000
27.800000,74350.180000,15791.840000,9857.980000
27.900000,73998.780000,15984.900000,10016.320000
28.000000,73646.460000,16179.550000,10173.990000
28.100000,73287.360000,16378.140000,10334.500000
28.200000,72929.890000,16571.730000,10498.380000
28.300000,72567.840000,16770.050000,10662.110000
28.400000,72204.930000,16964.300000,10830.770000
28.500000,71838.070000,17162.930000,10999.000000
28.600000,71470.080000,17358.780000,11171.140000
28.700000,71099.230000,17554.300000,11346.470000
28.800000,70726.150000,17751.810000,11522.040000
28.900000,70352.200000,17947.590000,11700.210000
29.000000,69974.720000,18145.510000,11879.770000
29.100000,69597.640000,18341.610000,12060.750000
29.200000,69218.820000,18537.010000,12244.170000
29.300000,68833.180000,18739.240000,12427.580000
29.400000,68451.100000,18932.960000,12615.940000
29.500000,68064.400000,19129.560000,12806.040000
29.600000,67676.070000,19326.910000,12997.020000
29.700000,67282.810000,19525.650000,13191.540000
29.800000,66890.950000,19721.920000,13387.130000
29.900000,66497.790000,19918.530000,13583.680000
30.000000,66101.090000,20116.010000,13782.900000
30.100000,65703.830000,20311.020000,13985.150000
30.200000,65298.350000,20514.020000,14187.630000
30.300000,64897.690000,20711.110000,14391.200000
30.400000,64495.770000,20908.070000,14596.160000
30.500000,64090.420000,21103.070000,14806.510000
30.600000,63688.410000,21290.870000,15020.720000
30.700000,63284.010000,21480.820000,15235.170000
30.800000,62872.270000,21676.370000,15451.360000
30.900000,62463.600000,21866.340000,15670.060000
31.000000,62056.320000,22056.920000,15886.760000
31.100000,61644.560000,22247.280000,16108.160000
31.200000,61232.210000,22440.280000,16327.510000
31.300000,60821.570000,22625.350000,16553.080000
31.400000,60413.650000,22807.100000,16779.250000
31.500000,60003.990000,22987.500000,17008.510000
31.600000,59590.090000,23172.750000,17237.160000
31.700000,59178.030000,23354.900000,17467.070000
31.800000,58764.200000,23536.930000,17698.870000
31.900000,58353.210000,23712.980000,17933.810000
32.000000,57937.010000,23889.820000,18173.170000
32.100000,57521.650000,24064.220000,18414.130000
32.200000,57106.390000,24238.440000,18655.170000
32.300000,56692.690000,24412.410000,18894.900000
32.400000,56277.990000,24584.310000,19137.700000
32.500000,55865.290000,24750.130000,19384.580000
32.600000,55453.020000,24915.580000,19631.400000
32.700000,55038.180000,25079.560000,19882.260000
32.800000,54627.360000,25240.010000,20132.630000
32.900000,54214.570000,25402.360000,20383.070000
33.000000,53801.260000,25560.450000,20638.290000
33.100000,53391.590000,25715.920000,20892.490000
33.200000,52980.890000,25869.080000,21150.030000
33.300000,52571.200000,26019.520000,21409.280000
33.400000,52160.540000,26170.180000,21669.280000
33.500000,51746.490000,26324.480000,21929.030000
33.600000,51339.730000,26468.650000,22191.620000
33.700000,50931.720000,26609.630000,22458.650000
33.800000,50527.390000,26746.250000,22726.360000
33.900000,50122.920000,26882.560000,22994.520000
34.000000,49717.900000,27018.670000,23263.430000
34.100000,49315.740000,27152.110000,23532.150000
34.200000,48914.070000,27283.730000,23802.200000
34.300000,48515.050000,27410.200000,24074.750000
34.400000,48113.360000,27536.900000,24349.740000
34.500000,47718.180000,27656.830000,24624.990000
34.600000,47323.610000,27773.650000,24902.740000
34.700000,46930.840000,27886.980000,25182.180000
34.800000,46534.330000,28006.610000,25459.060000
34.900000,46147.710000,28112.020000,25740.270000
35.000000,45759.350000,28218.320000,26022.330000
35.100000,45371.880000,28329.070000,26299.050000
35.200000,44985.530000,28430.460000,26584.010000
35.300000,44600.120000,28532.980000,26866.900000
35.400000,44220.530000,28630.480000,27148.990000
35.500000,43840.000000,28723.840000,27436.160000
35.600000,43462.970000,28816.340000,27720.690000
35.700000,43090.450000,28901.300000,28008.250000
35.800000,42716.400000,28984.030000,28299.570000
35.900000,42345.070000,29065.950000,28588.980000
36.000000,41975.990000,29144.000000,28880.010000
36.100000,41605.890000,29220.820000,29173.290000
36.200000,41243.420000,29288.710000,29467.870000
36.300000,40881.180000,29357.610000,29761.210000
36.400000,40522.280000,29423.100000,30054.620000
36.500000,40164.010000,29486.920000,30349.070000
36.600000,39805.280000,29551.770000,30642.950000
36.700000,39453.130000,29605.560000,30941.310000
36.800000,39100.460000,29662.990000,31236.550000
36.900000,38753.190000,29712.040000,31534.770000
37.000000,38407.850000,29761.680000,31830.470000
37.100000,38067.440000,29801.100000,32131.460000
37.200000,37728.030000,29843.550000,32428.420000
37.300000,37389.960000,29885.390000,32724.650000
37.400000,37055.330000,29920.170000,33024.500000
37.500000,36723.980000,29950.850000,33325.170000
37.600000,36395.140000,29978.810000,33626.050000
37.700000,36065.940000,30009.220000,33924.840000
37.800000,35741.750000,30033.760000,34224.490000
37.900000,35417.890000,30057.400000,34524.710000
38.000000,35095.280000,30081.640000,34823.080000
38.100000,34775.840000,30100.580000,35123.580000
38.200000,34463.170000,30112.960000,35423.870000
38.300000,34152.340000,30123.780000,35723.880000
38.400000,33845.990000,30129.500000,36024.510000
38.500000,33536.910000,30138.810000,36324.280000
38.600000,33232.850000,30141.550000,36625.600000
38.700000,32936.800000,30137.700000,36925.500000
38.800000,32639.160000,30136.410000,37224.430000
38.900000,32345.760000,30127.950000,37526.290000
39.000000,32052.380000,30121.080000,37826.540000
39.100000,31762.350000,30109.610000,38128.040000
39.200000,31476.890000,30094.500000,38428.610000
39.300000,31191.330000,30078.070000,38730.600000
39.400000,30909.940000,30059.490000,39030.570000
39.500000,30631.080000,30038.290000,39330.630000
39.600000,30355.550000,30013.030000,39631.420000
39.700000,30081.610000,29986.020000,39932.370000
39.800000,29811.950000,29959.010000,40229.040000
39.900000,29545.320000,29924.760000,40529.920000
40.000000,29279.520000,29889.400000,40831.080000
40.100000,29015.730000,29853.760000,41130.510000
40.200000,28755.500000,29816.640000,41427.860000
40.300000,28496.380000,29776.060000,41727.560000
40.400000,28242.360000,29733.010000,42024.630000
40.500000,27991.610000,29687.440000,42320.950000
40.600000,27738.900000,29642.250000,42618.850000
40.700000,27493.450000,29591.390000,42915.160000
40.800000,27250.580000,29536.110000,43213.310000
40.900000,27007.930000,29482.240000,43509.830000
41.000000,26770.390000,29425.630000,43803.980000
41.100000,26533.960000,29368.090000,44097.950000
41.200000,26299.340000,29308.490000,44392.170000
41.300000,26066.880000,29250.110000,44683.010000
41.400000,25839.290000,29185.130000,44975.580000
41.500000,25612.520000,29117.410000,45270.070000
41.600000,25388.730000,29049.540000,45561.730000
41.700000,25168.160000,28980.760000,45851.080000
41.800000,24949.110000,28910.810000,46140.080000
41.900000,24734.040000,28841.970000,46423.990000
42.000000,24518.100000,28768.560000,46713.340000
42.100000,24304.430000,28697.720000,46997.850000
42.200000,24095.490000,28621.700000,47282.810000
42.300000,23888.110000,28543.820000,47568.070000
42.400000,23681.920000,28464.900000,47853.180000
42.500000,23480.890000,28379.330000,48139.780000
42.600000,23280.570000,28296.410000,48423.020000
42.700000,23082.150000,28214.150000,48703.700000
42.800000,22887.100000,28128.420000,48984.480000
42.900000,22692.940000,28041.130000,49265.930000
43.000000,22502.250000,27950.270000,49547.480000
43.100000,22312.510000,27859.840000,49827.650000
43.200000,22128.960000,27763.300000,50107.740000
43.300000,21944.890000,27669.490000,50385.620000
43.400000,21764.950000,27571.570000,50663.480000
43.500000,21585.370000,27477.220000,50937.410000
43.600000,21404.730000,27383.510000,51211.760000
43.700000,21228.000000,27287.650000,51484.350000
43.800000,21054.840000,27186.580000,51758.580000
43.900000,20881.890000,27088.360000,52029.750000
44.000000,20712.230000,26987.340000,52300.430000
44.100000,20543.440000,26884.510000,52572.050000
44.200000,20378.430000,26780.380000,52841.190000
44.300000,20214.780000,26675.570000,53109.650000
44.400000,20053.240000,26570.920000,53375.840000
44.500000,19891.920000,26463.200000,53644.880000
44.600000,19732.710000,26358.210000,53909.080000
44.700000,19576.730000,26249.260000,54174.010000
44.800000,19421.480000,26141.960000,54436.560000
44.900000,19268.770000,26032.860000,54698.370000
45.000000,19117.890000,25922.360000,54959.750000
45.100000,18970.700000,25811.090000,55218.210000
45.200000,18823.240000,25701.000000,55475.760000
45.300000,18676.000000,25590.070000,55733.930000
45.400000,18532.630000,25477.160000,55990.210000
45.500000,18389.650000,25365.550000,56244.800000
45.600000,18248.290000,25250.380000,56501.330000
45.700000,18108.550000,25139.800000,56751.650000
45.800000,17970.570000,25028.400000,57001.030000
45.900000,17836.360000,24914.480000,57249.160000
46.000000,17703.100000,24796.770000,57500.130000
46.100000,17568.380000,24686.250000,57745.370000
46.200000,17437.540000,24568.240000,57994.220000
46.300000,17309.260000,24452.250000,58238.490000
46.400000,17180.870000,24335.990000,58483.140000
46.500000,17054.910000,24220.840000,58724.250000
46.600000,16930.750000,24103.090000,58966.160000
46.700000,16809.730000,23983.090000,59207.180000
46.800000,16689.630000,23863.080000,59447.290000
46.900000,16570.760000,23743.190000,59686.050000
47.000000,16453.780000,23624.100000,59922.120000
47.100000,16339.420000,23505.580000,60155.000000
47.200000,16222.980000,23389.090000,60387.930000
47.300000,16108.470000,23271.190000,60620.340000
47.400000,15994.260000,23149.800000,60855.940000
47.500000,15882.850000,23028.310000,61088.840000
47.600000,15772.930000,22908.580000,61318.490000
47.700000,15665.310000,22788.870000,61545.820000
47.800000,15558.190000,22668.330000,61773.480000
47.900000,15452.030000,22546.030000,62001.940000
48.000000,15348.290000,22426.000000,62225.710000
48.100000,15245.990000,22305.260000,62448.750000
48.200000,15143.270000,22182.060000,62674.670000
48.300000,15040.880000,22062.540000,62896.580000
48.400000,14940.560000,21940.120000,63119.320000
48.500000,14842.810000,21817.810000,63339.380000
48.600000,14744.510000,21696.100000,63559.390000
48.700000,14648.620000,21574.460000,63776.920000
48.800000,14553.080000,21452.260000,63994.660000
48.900000,14459.600000,21333.460000,64206.940000
49.000000,14365.800000,21211.740000,64422.460000
49.100000,14274.110000,21092.770000,64633.120000
49.200000,14183.490000,20971.220000,64845.290000
49.300000,14094.060000,20851.230000,65054.710000
49.400000,14006.340000,20730.520000,65263.140000
49.500000,13919.080000,20608.350000,65472.570000
49.600000,13832.260000,20487.720000,65680.020000
49.700000,13747.020000,20367.930000,65885.050000
49.800000,13663.030000,20248.310000,66088.660000
49.900000,13579.100000,20129.420000,66291.480000
50.000000,13497.910000,20009.920000,66492.170000
50.100000,13416.370000,19891.150000,66692.480000
50.200000,13335.720000,19772.940000,66891.340000
50.300000,13257.130000,19652.450000,67090.420000
50.400000,13179.360000,19532.690000,67287.950000
50.500000,13102.570000,19412.270000,67485.160000
50.600000,13026.100000,19293.360000,67680.540000
50.700000,12951.220000,19172.940000,67875.840000
50.800000,12876.120000,19057.700000,68066.180000
50.900000,12801.630000,18942.810000,68255.560000
51.000000,12729.390000,18823.390000,68447.220000
51.100000,12656.330000,18710.680000,68632.990000
51.200000,12584.970000,18595.160000,68819.870000
51.300000,12514.310000,18478.780000,69006.910000
51.400000,12444.100000,18363.710000,69192.190000
51.500000,12376.060000,18247.430000,69376.510000
51.600000,12306.740000,18133.380000,69559.880000
51.700000,12240.350000,18019.670000,69739.980000
51.800000,12174.140000,17907.390000,69918.470000
51.900000,12110.770000,17791.420000,70097.810000
52.000000,12046.350000,17680.450000,70273.200000
52.100000,11982.960000,17567.290000,70449.750000
52.200000,11918.850000,17455.470000,70625.680000
52.300000,11855.370000,17344.300000,70800.330000
52.400000,11792.850000,17236.080000,70971.070000
52.500000,11733.400000,17123.550000,71143.050000
52.600000,11673.330000,17013.640000,71313.030000
52.700000,11614.680000,16903.340000,71481.980000
52.800000,11556.100000,16790.060000,71653.840000
52.900000,11497.120000,16680.970000,71821.910000
53.000000,11439.090000,16574.380000,71986.530000
53.100000,11382.870000,16462.740000,72154.390000
53.200000,11326.540000,16354.450000,72319.010000
53.300000,11270.640000,16246.840000,72482.520000
53.400000,11214.940000,16140.780000,72644.280000
53.500000,11161.380000,16032.940000,72805.680000
53.600000,11107.460000,15926.260000,72966.280000
53.700000,11054.760000,15821.510000,73123.730000
53.800000,11001.370000,15716.800000,73281.830000
53.900000,10950.620000,15612.120000,73437.260000
54.000000,10899.290000,15505.920000,73594.790000
54.100000,10849.270000,15400.440000,73750.290000
54.200000,10798.800000,15294.480000,73906.720000
54.300000,10748.240000,15193.960000,74057.800000
54.400000,10699.290000,15090.090000,74210.620000
54.500000,10651.340000,14987.370000,74361.290000
54.600000,10603.500000,14885.110000,74511.390000
54.700000,10555.920000,14784.040000,74660.040000
54.800000,10510.030000,14680.480000,74809.490000
54.900000,10464.520000,14579.660000,74955.820000
55.000000,10418.580000,14478.910000,75102.510000
55.100000,10373.600000,14380.130000,75246.270000
55.200000,10329.200000,14280.750000,75390.050000
55.300000,10285.050000,14180.240000,75534.710000
55.400000,10240.660000,14082.480000,75676.860000
55.500000,10198.670000,13981.610000,75819.720000
55.600000,10155.340000,13886.680000,75957.980000
55.700000,10114.220000,13787.970000,76097.810000
55.800000,10073.910000,13690.990000,76235.100000
55.900000,10033.390000,13593.330000,76373.280000
56.000000,9992.060000,13499.190000,76508.750000
56.100000,9952.750000,13402.410000,76644.840000
56.200000,9913.550000,13308.950000,76777.500000
56.300000,9873.830000,13215.220000,76910.950000
56.400000,9834.480000,13123.510000,77042.010000
56.500000,9796.020000,13030.590000,77173.390000
56.600000,9757.660000,12939.400000,77302.940000
56.700000,9718.880000,12848.270000,77432.850000
56.800000,9682.060000,12756.620000,77561.320000
56.900000,9645.090000,12664.930000,77689.980000
57.000000,9608.630000,12574.720000,77816.650000
57.100000,9572.530000,12487.440000,77940.030000
57.200000,9537.220000,12398.310000,78064.470000
57.300000,9501.450000,12312.590000,78185.960000
57.400000,9465.350000,12224.380000,78310.270000
57.500000,9431.470000,12136.660000,78431.870000
57.600000,9397.880000,12049.500000,78552.620000
57.700000,9364.120000,11963.430000,78672.450000
57.800000,9330.460000,11878.290000,78791.250000
57.900000,9296.930000,11793.280000,78909.790000
58.000000,9264.240000,11707.180000,79028.580000
58.100000,9231.750000,11622.480000,79145.770000
58.200000,9199.760000,11538.790000,79261.450000
58.300000,9168.730000,11453.490000,79377.780000
58.400000,9136.730000,11371.590000,79491.680000
58.500000,9105.740000,11289.640000,79604.620000
58.600000,9074.900000,11205.970000,79719.130000
58.700000,9043.800000,11125.690000,79830.510000
58.800000,9014.000000,11043.480000,79942.520000
58.900000,8984.590000,10962.260000,80053.150000
59.000000,8955.710000,10879.860000,80164.430000
59.100000,8926.210000,10798.670000,80275.120000
59.200000,8896.590000,10719.100000,80384.310000
59.300000,8868.580000,10640.650000,80490.770000
59.400000,8840.390000,10560.540000,80599.070000
59.500000,8812.560000,10482.990000,80704.450000
59.600000,8785.240000,10406.950000,80807.810000
59.700000,8758.580000,10329.440000,80911.980000
59.800000,8731.700000,10252.460000,81015.840000
59.900000,8704.120000,10177.370000,81118.510000
60.000000,8677.980000,10100.900000,81221.120000
60.100000,8652.220000,10024.150000,81323.630000
60.200000,8625.800000,9952.280000,81421.920000
60.300000,8599.920000,9876.150000,81523.930000
60.400000,8574.760000,9802.560000,81622.680000
60.500000,8548.980000,9732.190000,81718.830000
60.600000,8524.030000,9658.950000,81817.020000
60.700000,8499.460000,9587.840000,81912.700000
60.800000,8475.490000,9514.420000,82010.090000
60.900000,8450.800000,9442.490000,82106.710000
61.000000,8427.320000,9371.410000,82201.270000
61.100000,8403.570000,9300.960000,82295.470000
61.200000,8380.450000,9231.380000,82388.170000
61.300000,8357.860000,9163.660000,82478.480000
61.400000,8334.440000,9095.390000,82570.170000
61.500000,8311.800000,9026.340000,82661.860000
61.600000,8289.050000,8958.370000,82752.580000
61.700000,8266.910000,8891.690000,82841.400000
61.800000,8244.000000,8824.810000,82931.190000
61.900000,8221.880000,8757.240000,83020.880000
62.000000,8200.490000,8689.750000,83109.760000
62.100000,8179.210000,8623.820000,83196.970000
62.200000,8157.730000,8560.340000,83281.930000
62.300000,8137.130000,8495.620000,83367.250000
62.400000,8116.030000,8430.870000,83453.100000
62.500000,8095.870000,8368.110000,83536.020000
62.600000,8075.680000,8304.650000,83619.670000
62.700000,8055.940000,8240.600000,83703.460000
62.800000,8036.290000,8178.080000,83785.630000
62.900000,8016.820000,8113.520000,83869.660000
63.000000,7997.410000,8051.670000,83950.920000
63.100000,7977.900000,7991.770000,84030.330000
63.200000,7959.150000,7928.870000,84111.980000
63.300000,7940.500000,7867.470000,84192.030000
63.400000,7921.490000,7807.120000,84271.390000
63.500000,7902.930000,7746.120000,84350.950000
63.600000,7884.180000,7688.160000,84427.660000
63.700000,7865.700000,7630.220000,84504.080000
63.800000,7847.850000,7571.160000,84580.990000
63.900000,7829.960000,7511.760000,84658.280000
64.000000,7812.410000,7454.460000,84733.130000
64.100000,7794.690000,7397.690000,84807.620000
64.200000,7777.270000,7341.890000,84880.840000
64.300000,7760.570000,7285.690000,84953.740000
64.400000,7743.970000,7230.970000,85025.060000
64.500000,7727.180000,7176.660000,85096.160000
64.600000,7710.260000,7121.910000,85167.830000
64.700000,7693.830000,7065.880000,85240.290000
64.800000,7677.580000,7011.880000,85310.540000
64.900000,7661.330000,6959.260000,85379.410000
65.000000,7645.310000,6906.260000,85448.430000
65.100000,7630.380000,6852.070000,85517.550000
65.200000,7614.710000,6800.280000,85585.010000
65.300000,7598.350000,6748.000000,85653.650000
65.400000,7582.400000,6695.340000,85722.260000
65.500000,7567.450000,6644.590000,85787.960000
65.600000,7552.780000,6592.540000,85854.680000
65.700000,7537.190000,6541.690000,85921.120000
65.800000,7522.000000,6489.400000,85988.600000
65.900000,7507.480000,6438.480000,86054.040000
66.000000,7492.500000,6388.390000,86119.110000
66.100000,7477.810000,6339.270000,86182.920000
66.200000,7463.570000,6289.320000,86247.110000
66.300000,7448.810000,6241.820000,86309.370000
66.400000,7434.760000,6193.210000,86372.030000
66.500000,7420.350000,6145.670000,86433.980000
66.600000,7406.630000,6097.740000,86495.630000
66.700000,7393.240000,6049.540000,86557.220000
66.800000,7379.350000,6002.220000,86618.430000
66.900000,7365.880000,5957.140000,86676.980000
67.000000,7351.920000,5912.850000,86735.230000
67.100000,7339.390000,5866.340000,86794.270000
67.200000,7326.390000,5821.690000,86851.920000
67.300000,7313.120000,5777.230000,86909.650000
67.400000,7300.340000,5731.890000,86967.770000
67.500000,7287.880000,5686.920000,87025.200000
67.600000,7275.400000,5642.100000,87082.500000
67.700000,7262.680000,5598.290000,87139.030000
67.800000,7250.930000,5553.720000,87195.350000
67.900000,7239.270000,5510.580000,87250.150000
68.000000,7227.230000,5466.620000,87306.150000
68.100000,7215.370000,5423.670000,87360.960000
68.200000,7203.380000,5381.120000,87415.500000
68.300000,7191.610000,5339.620000,87468.770000
68.400000,7179.700000,5299.440000,87520.860000
68.500000,7167.850000,5258.660000,87573.490000
68.600000,7156.670000,5217.600000,87625.730000
68.700000,7144.920000,5177.090000,87677.990000
68.800000,7133.630000,5137.230000,87729.140000
68.900000,7122.900000,5097.350000,87779.750000
69.000000,7112.170000,5058.590000,87829.240000
69.100000,7101.450000,5019.340000,87879.210000
69.200000,7090.700000,4979.950000,87929.350000
69.300000,7080.610000,4940.020000,87979.370000
69.400000,7069.950000,4902.290000,88027.760000
69.500000,7060.020000,4862.840000,88077.140000
69.600000,7049.820000,4824.580000,88125.600000
69.700000,7040.010000,4787.030000,88172.960000
69.800000,7030.260000,4748.210000,88221.530000
69.900000,7020.570000,4710.200000,88269.230000
70.000000,7010.700000,4672.630000,88316.670000
70.100000,7000.980000,4635.050000,88363.970000
70.200000,6991.000000,4599.330000,88409.670000
70.300000,6980.600000,4563.900000,88455.500000
70.400000,6971.310000,4528.800000,88499.890000
70.500000,6961.160000,4493.860000,88544.980000
70.600000,6952.020000,4458.090000,88589.890000
70.700000,6942.430000,4422.640000,88634.930000
70.800000,6933.020000,4388.950000,88678.030000
70.900000,6923.950000,4354.840000,88721.210000
71.000000,6915.070000,4320.600000,88764.330000
71.100000,6905.980000,4286.750000,88807.270000
71.200000,6897.360000,4252.280000,88850.360000
71.300000,6888.500000,4218.620000,88892.880000
71.400000,6879.250000,4185.110000,88935.640000
71.500000,6870.600000,4152.030000,88977.370000
71.600000,6862.050000,4119.720000,89018.230000
71.700000,6853.450000,4087.050000,89059.500000
71.800000,6845.450000,4054.480000,89100.070000
71.900000,6837.240000,4022.380000,89140.380000
72.000000,6829.120000,3990.510000,89180.370000
72.100000,6820.790000,3959.790000,89219.420000
72.200000,6812.550000,3929.470000,89257.980000
72.300000,6804.500000,3897.630000,89297.870000
72.400000,6796.390000,3866.630000,89336.980000
72.500000,6788.330000,3835.830000,89375.840000
72.600000,6780.760000,3804.880000,89414.360000
72.700000,6773.230000,3773.710000,89453.060000
72.800000,6766.060000,3742.400000,89491.540000
72.900000,6758.640000,3713.010000,89528.350000
73.000000,6750.750000,3684.430000,89564.820000
73.100000,6743.420000,3653.570000,89603.010000
73.200000,6736.420000,3623.700000,89639.880000
73.300000,6729.260000,3593.920000,89676.820000
73.400000,6721.480000,3565.550000,89712.970000
73.500000,6714.180000,3536.900000,89748.920000
73.600000,6706.990000,3508.700000,89784.310000
73.700000,6700.010000,3480.760000,89819.230000
73.800000,6692.270000,3453.190000,89854.540000
73.900000,6685.610000,3425.150000,89889.240000
74.000000,6678.920000,3398.170000,89922.910000
74.100000,6672.570000,3370.900000,89956.530000
74.200000,6665.630000,3344.790000,89989.580000
74.300000,6658.730000,3319.230000,90022.040000
74.400000,6652.400000,3292.910000,90054.690000
74.500000,6645.590000,3266.360000,90088.050000
74.600000,6638.930000,3240.470000,90120.600000
74.700000,6632.410000,3214.350000,90153.240000
74.800000,6625.810000,3188.610000,90185.580000
74.900000,6619.230000,3162.990000,90217.780000
75.000000,6613.190000,3137.780000,90249.030000
75.100000,6606.990000,3112.500000,90280.510000
75.200000,6600.630000,3088.240000,90311.130000
75.300000,6594.710000,3063.210000,90342.080000
75.400000,6589.090000,3037.980000,90372.930000
75.500000,6583.440000,3012.970000,90403.590000
75.600000,6577.510000,2987.960000,90434.530000
75.700000,6571.290000,2965.310000,90463.400000
75.800000,6565.200000,2940.820000,90493.980000
75.900000,6559.450000,2917.240000,90523.310000
76.000000,6554.180000,2893.330000,90552.490000
76.100000,6548.240000,2870.600000,90581.160000
76.200000,6542.380000,2847.950000,90609.670000
76.300000,6537.120000,2824.610000,90638.270000
76.400000,6531.680000,2801.500000,90666.820000
76.500000,6526.340000,2778.150000,90695.510000
76.600000,6520.420000,2757.310000,90722.270000
76.700000,6515.070000,2733.810000,90751.120000
76.800000,6510.200000,2712.250000,90777.550000
76.900000,6505.160000,2690.340000,90804.500000
77.000000,6499.890000,2668.750000,90831.360000
77.100000,6494.220000,2647.480000,90858.300000
77.200000,6488.880000,2625.860000,90885.260000
77.300000,6483.780000,2604.080000,90912.140000
77.400000,6478.750000,2583.130000,90938.120000
77.500000,6473.180000,2562.890000,90963.930000
77.600000,6468.350000,2542.180000,90989.470000
77.700000,6463.430000,2521.160000,91015.410000
77.800000,6458.460000,2500.090000,91041.450000
77.900000,6453.320000,2479.530000,91067.150000
78.000000,6448.380000,2458.890000,91092.730000
78.100000,6443.670000,2439.240000,91117.090000
78.200000,6438.890000,2419.750000,91141.360000
78.300000,6434.730000,2399.450000,91165.820000
78.400000,6429.930000,2380.830000,91189.240000
78.500000,6425.360000,2360.270000,91214.370000
78.600000,6420.860000,2342.040000,91237.100000
78.700000,6416.330000,2322.790000,91260.880000
78.800000,6412.020000,2304.350000,91283.630000
78.900000,6407.500000,2285.440000,91307.060000
79.000000,6403.100000,2267.160000,91329.740000
79.100000,6398.630000,2248.820000,91352.550000
79.200000,6394.640000,2229.050000,91376.310000
79.300000,6390.470000,2210.840000,91398.690000
79.400000,6386.170000,2193.430000,91420.400000
79.500000,6382.160000,2174.810000,91443.030000
79.600000,6377.450000,2156.270000,91466.280000
79.700000,6373.160000,2138.890000,91487.950000
79.800000,6368.920000,2121.550000,91509.530000
79.900000,6364.830000,2104.680000,91530.490000
80.000000,6360.660000,2087.360000,91551.980000
80.100000,6356.740000,2070.320000,91572.940000
80.200000,6352.800000,2054.040000,91593.160000
80.300000,6348.800000,2036.700000,91614.500000
80.400000,6345.320000,2020.350000,91634.330000
80.500000,6341.580000,2004.280000,91654.140000
80.600000,6337.520000,1988.580000,91673.900000
80.700000,6333.870000,1972.720000,91693.410000
80.800000,6329.920000,1956.230000,91713.850000
80.900000,6326.130000,1940.390000,91733.480000
81.000000,6322.410000,1924.810000,91752.780000
81.100000,6319.220000,1908.010000,91772.770000
81.200000,6315.780000,1892.420000,91791.800000
81.300000,6312.340000,1876.570000,91811.090000
81.400000,6308.620000,1861.140000,91830.240000
81.500000,6305.210000,1846.210000,91848.580000
81.600000,6301.570000,1831.190000,91867.240000
81.700000,6298.050000,1815.880000,91886.070000
81.800000,6294.210000,1802.810000,91902.980000
81.900000,6290.590000,1787.900000,91921.510000
82.000000,6287.560000,1773.310000,91939.130000
82.100000,6284.230000,1759.160000,91956.610000
82.200000,6280.690000,1744.770000,91974.540000
82.300000,6277.550000,1729.890000,91992.560000
82.400000,6274.420000,1715.240000,92010.340000
82.500000,6271.160000,1701.230000,92027.610000
82.600000,6268.360000,1686.660000,92044.980000
82.700000,6264.920000,1673.410000,92061.670000
82.800000,6261.720000,1660.100000,92078.180000
82.900000,6258.790000,1646.290000,92094.920000
83.000000,6255.530000,1633.290000,92111.180000
83.100000,6252.180000,1620.610000,92127.210000
83.200000,6249.100000,1607.640000,92143.260000
83.300000,6245.640000,1594.110000,92160.250000
83.400000,6242.500000,1581.300000,92176.200000
83.500000,6239.720000,1568.600000,92191.680000
83.600000,6236.790000,1556.150000,92207.060000
83.700000,6234.100000,1543.310000,92222.590000
83.800000,6231.500000,1529.860000,92238.640000
83.900000,6228.670000,1516.740000,92254.590000
84.000000,6225.720000,1504.750000,92269.530000
84.100000,6222.680000,1493.140000,92284.180000
84.200000,6220.010000,1481.750000,92298.240000
84.300000,6217.140000,1470.160000,92312.700000
84.400000,6214.140000,1457.910000,92327.950000
84.500000,6211.330000,1445.820000,92342.850000
84.600000,6208.780000,1434.070000,92357.150000
84.700000,6206.210000,1422.690000,92371.100000
84.800000,6203.790000,1410.460000,92385.750000
84.900000,6200.920000,1399.360000,92399.720000
85.000000,6198.390000,1387.680000,92413.930000
85.100000,6195.900000,1376.400000,92427.700000
85.200000,6193.560000,1364.620000,92441.820000
85.300000,6190.730000,1353.980000,92455.290000
85.400000,6188.030000,1343.290000,92468.680000
85.500000,6185.530000,1331.920000,92482.550000
85.600000,6182.900000,1321.290000,92495.810000
85.700000,6180.440000,1310.090000,92509.470000
85.800000,6177.880000,1299.630000,92522.490000
85.900000,6175.750000,1288.760000,92535.490000
86.000000,6173.330000,1278.600000,92548.070000
86.100000,6170.890000,1267.720000,92561.390000
86.200000,6168.940000,1257.400000,92573.660000
86.300000,6166.470000,1247.200000,92586.330000
86.400000,6164.240000,1236.690000,92599.070000
86.500000,6161.960000,1226.970000,92611.070000
86.600000,6159.630000,1217.300000,92623.070000
86.700000,6157.100000,1207.150000,92635.750000
86.800000,6154.710000,1197.620000,92647.670000
86.900000,6152.210000,1188.240000,92659.550000
87.000000,6149.840000,1178.710000,92671.450000
87.100000,6147.510000,1168.880000,92683.610000
87.200000,6145.350000,1159.750000,92694.900000
87.300000,6143.210000,1150.540000,92706.250000
87.400000,6141.180000,1141.150000,92717.670000
87.500000,6139.420000,1131.350000,92729.230000
87.600000,6137.450000,1121.800000,92740.750000
87.700000,6135.500000,1112.340000,92752.160000
87.800000,6133.410000,1103.220000,92763.370000
87.900000,6131.510000,1094.820000,92773.670000
88.000000,6129.530000,1085.860000,92784.610000
88.100000,6127.740000,1076.490000,92795.770000
88.200000,6125.540000,1067.620000,92806.840000
88.300000,6123.430000,1059.400000,92817.170000
88.400000,6121.660000,1050.580000,92827.760000
88.500000,6119.800000,1042.130000,92838.070000
88.600000,6117.640000,1033.400000,92848.960000
88.700000,6115.630000,1024.840000,92859.530000
88.800000,6113.890000,1016.350000,92869.760000
88.900000,6112.000000,1008.510000,92879.490000
89.000000,6110.200000,1000.240000,92889.560000
89.100000,6108.400000,991.750000,92899.850000
89.200000,6106.700000,984.150000,92909.150000
89.300000,6104.820000,977.010000,92918.170000
89.400000,6102.970000,968.680000,92928.350000
89.500000,6101.110000,961.000000,92937.890000
89.600000,6099.270000,953.450000,92947.280000
89.700000,6097.540000,944.910000,92957.550000
89.800000,6095.740000,937.890000,92966.370000
89.900000,6094.160000,929.500000,92976.340000
90.000000,6092.260000,922.010000,92985.730000
90.100000,6090.580000,914.710000,92994.710000
90.200000,6089.060000,907.110000,93003.830000
90.300000,6087.240000,899.780000,93012.980000
90.400000,6085.700000,892.320000,93021.980000
90.500000,6083.990000,885.240000,93030.770000
90.600000,6082.500000,878.260000,93039.240000
90.700000,6080.750000,871.590000,93047.660000
90.800000,6079.010000,864.850000,93056.140000
90.900000,6077.640000,857.670000,93064.690000
91.000000,6076.060000,850.920000,93073.020000
91.100000,6074.320000,844.230000,93081.450000
91.200000,6072.770000,837.290000,93089.940000
91.300000,6071.260000,830.400000,93098.340000
91.400000,6069.560000,823.410000,93107.030000
91.500000,6068.180000,816.190000,93115.630000
91.600000,6066.860000,809.220000,93123.920000
91.700000,6065.340000,802.750000,93131.910000
91.800000,6063.840000,796.790000,93139.370000
91.900000,6062.250000,790.560000,93147.190000
92.000000,6061.060000,783.930000,93155.010000
92.100000,6059.540000,777.560000,93162.900000
92.200000,6058.340000,771.170000,93170.490000
92.300000,6056.990000,764.610000,93178.400000
92.400000,6055.740000,758.170000,93186.090000
92.500000,6054.190000,752.170000,93193.640000
92.600000,6053.050000,745.370000,93201.580000
92.700000,6051.590000,739.360000,93209.050000
92.800000,6050.090000,732.940000,93216.970000
92.900000,6048.730000,726.600000,93224.670000
93.000000,6047.350000,720.240000,93232.410000
93.100000,6045.900000,714.020000,93240.080000
93.200000,6044.640000,708.130000,93247.230000
93.300000,6043.370000,702.110000,93254.520000
93.400000,6042.290000,695.760000,93261.950000
93.500000,6040.940000,690.280000,93268.780000
93.600000,6039.750000,684.680000,93275.570000
93.700000,6038.510000,678.520000,93282.970000
93.800000,6037.330000,672.740000,93289.930000
93.900000,6036.240000,666.600000,93297.160000
94.000000,6035.000000,661.200000,93303.800000
94.100000,6033.880000,655.950000,93310.170000
94.200000,6032.840000,650.310000,93316.850000
94.300000,6031.730000,645.070000,93323.200000
94.400000,6030.370000,639.910000,93329.720000
94.500000,6029.380000,634.440000,93336.180000
94.600000,6028.110000,629.620000,93342.270000
94.700000,6027.020000,624.520000,93348.460000
94.800000,6026.030000,619.740000,93354.230000
94.900000,6024.900000,614.480000,93360.620000
95.000000,6023.930000,609.280000,93366.790000
95.100000,6022.900000,604.080000,93373.020000
95.200000,6021.780000,599.500000,93378.720000
95.300000,6020.620000,594.450000,93384.930000
95.400000,6019.690000,589.060000,93391.250000
95.500000,6018.640000,583.690000,93397.670000
95.600000,6017.470000,579.070000,93403.460000
95.700000,6016.390000,574.300000,93409.310000
95.800000,6015.260000,570.020000,93414.720000
95.900000,6014.220000,565.050000,93420.730000
96.000000,6013.210000,560.450000,93426.340000
96.100000,6012.190000,556.210000,93431.600000
96.200000,6011.310000,551.410000,93437.280000
96.300000,6010.330000,546.980000,93442.690000
96.400000,6009.540000,542.190000,93448.270000
96.500000,6008.440000,538.270000,93453.290000
96.600000,6007.500000,533.870000,93458.630000
96.700000,6006.480000,529.820000,93463.700000
96.800000,6005.520000,525.890000,93468.590000
96.900000,6004.580000,521.560000,93473.860000
97.000000,6003.690000,516.730000,93479.580000
97.100000,6002.870000,512.230000,93484.900000
97.200000,6002.030000,508.150000,93489.820000
97.300000,6001.100000,503.480000,93495.420000
97.400000,6000.200000,499.570000,93500.230000
97.500000,5999.390000,495.560000,93505.050000
97.600000,5998.290000,491.540000,93510.170000
97.700000,5997.500000,486.750000,93515.750000
97.800000,5996.690000,482.550000,93520.760000
97.900000,5995.750000,478.810000,93525.440000
98.000000,5994.810000,474.900000,93530.290000
98.100000,5994.040000,471.230000,93534.730000
98.200000,5993.130000,466.850000,93540.020000
98.300000,5992.280000,462.900000,93544.820000
98.400000,5991.310000,459.380000,93549.310000
98.500000,5990.510000,455.510000,93553.980000
98.600000,5989.610000,451.910000,93558.480000
98.700000,5988.760000,448.100000,93563.140000
98.800000,5987.860000,444.360000,93567.780000
98.900000,5987.100000,440.630000,93572.270000
99.000000,5986.200000,436.940000,93576.860000
99.100000,5985.270000,433.730000,93581.000000
99.200000,5984.580000,430.110000,93585.310000
99.300000,5983.870000,426.670000,93589.460000
99.400000,5983.090000,422.990000,93593.920000
99.500000,5982.420000,419.390000,93598.190000
99.600000,5981.540000,416.290000,93602.170000
99.700000,5980.840000,412.740000,93606.420000
99.800000,5980.160000,409.200000,93610.640000
99.900000,5979.300000,405.830000,93614.870000
100.000000,5978.570000,402.370000,93619.060000
100.100000,5977.710000,399.210000,93623.080000
100.200000,5977.060000,396.160000,93626.780000
100.300000,5976.420000,392.800000,93630.780000
100.400000,5975.790000,389.210000,93635.000000
100.500000,5975.050000,386.210000,93638.740000
100.600000,5974.340000,382.860000,93642.800000
100.700000,5973.750000,379.490000,93646.760000
100.800000,5972.860000,376.750000,93650.390000
100.900000,5972.130000,373.120000,93654.750000
101.000000,5971.500000,370.030000,93658.470000
101.100000,5970.760000,367.310000,93661.930000
101.200000,5970.060000,364.290000,93665.650000
101.300000,5969.400000,361.750000,93668.850000
101.400000,5968.670000,359.050000,93672.280000
101.500000,5968.090000,356.100000,93675.810000
101.600000,5967.440000,353.140000,93679.420000
101.700000,5966.870000,350.290000,93682.840000
101.800000,5966.230000,347.310000,93686.460000
101.900000,5965.700000,344.530000,93689.770000
102.000000,5965.130000,341.930000,93692.940000
102.100000,5964.520000,338.950000,93696.530000
102.200000,5963.800000,336.200000,93700.000000
102.300000,5963.200000,333.320000,93703.480000
102.400000,5962.450000,330.740000,93706.810000
102.500000,5961.840000,327.910000,93710.250000
102.600000,5961.250000,325.090000,93713.660000
102.700000,5960.580000,322.480000,93716.940000
102.800000,5959.970000,319.800000,93720.230000
102.900000,5959.350000,317.110000,93723.540000
103.000000,5958.830000,314.280000,93726.890000
103.100000,5958.290000,311.630000,93730.080000
103.200000,5957.740000,308.980000,93733.280000
103.300000,5957.050000,306.350000,93736.600000
103.400000,5956.440000,303.900000,93739.660000
103.500000,5955.800000,301.500000,93742.700000
103.600000,5955.200000,299.200000,93745.600000
103.700000,5954.600000,296.680000,93748.720000
103.800000,5953.930000,294.080000,93751.990000
103.900000,5953.420000,291.840000,93754.740000
104.000000,5952.880000,289.680000,93757.440000
104.100000,5952.500000,287.180000,93760.320000
104.200000,5951.890000,284.550000,93763.560000
104.300000,5951.390000,282.290000,93766.320000
104.400000,5950.860000,279.900000,93769.240000
104.500000,5950.290000,277.410000,93772.300000
104.600000,5949.750000,274.990000,93775.260000
104.700000,5949.310000,272.580000,93778.110000
104.800000,5948.820000,270.620000,93780.560000
104.900000,5948.450000,268.280000,93783.270000
105.000000,5947.930000,266.190000,93785.880000
105.100000,5947.430000,264.110000,93788.460000
105.200000,5947.040000,261.970000,93790.990000
105.300000,5946.650000,259.790000,93793.560000
105.400000,5946.120000,257.510000,93796.370000
105.500000,5945.590000,255.740000,93798.670000
105.600000,5945.150000,253.580000,93801.270000
105.700000,5944.720000,251.290000,93803.990000
105.800000,5944.190000,249.290000,93806.520000
105.900000,5943.770000,247.030000,93809.200000
106.000000,5943.360000,244.810000,93811.830000
106.100000,5942.960000,242.410000,93814.630000
106.200000,5942.530000,240.500000,93816.970000
106.300000,5942.080000,238.320000,93819.600000
106.400000,5941.700000,236.190000,93822.110000
106.500000,5941.330000,233.840000,93824.830000
106.600000,5940.870000,231.860000,93827.270000
106.700000,5940.420000,230.230000,93829.350000
106.800000,5940.030000,228.320000,93831.650000
106.900000,5939.660000,226.330000,93834.010000
107.000000,5939.240000,224.600000,93836.160000
107.100000,5938.820000,222.680000,93838.500000
107.200000,5938.400000,220.750000,93840.850000
107.300000,5938.020000,218.920000,93843.060000
107.400000,5937.560000,217.030000,93845.410000
107.500000,5937.210000,215.100000,93847.690000
107.600000,5936.880000,213.290000,93849.830000
107.700000,5936.480000,211.570000,93851.950000
107.800000,5936.080000,209.880000,93854.040000
107.900000,5935.580000,208.280000,93856.140000
108.000000,5935.280000,206.460000,93858.260000
108.100000,5934.810000,204.790000,93860.400000
108.200000,5934.430000,202.910000,93862.660000
108.300000,5934.200000,201.290000,93864.510000
108.400000,5933.810000,199.550000,93866.640000
108.500000,5933.510000,197.880000,93868.610000
108.600000,5933.160000,196.060000,93870.780000
108.700000,5932.780000,194.570000,93872.650000
108.800000,5932.480000,192.930000,93874.590000
108.900000,5932.240000,191.280000,93876.480000
109.000000,5931.900000,189.760000,93878.340000
109.100000,5931.610000,188.210000,93880.180000
109.200000,5931.200000,186.770000,93882.030000
109.300000,5930.840000,185.320000,93883.840000
109.400000,5930.520000,183.830000,93885.650000
109.500000,5930.110000,182.210000,93887.680000
109.600000,5929.900000,180.460000,93889.640000
109.700000,5929.530000,179.020000,93891.450000
109.800000,5929.240000,177.290000,93893.470000
109.900000,5928.800000,175.770000,93895.430000
110.000000,5928.490000,174.470000,93897.040000
110.100000,5928.170000,173.020000,93898.810000
110.200000,5927.880000,171.330000,93900.790000
110.300000,5927.490000,169.870000,93902.640000
110.400000,5927.160000,168.400000,93904.440000
110.500000,5926.880000,166.890000,93906.230000
110.600000,5926.500000,165.570000,93907.930000
110.700000,5926.290000,163.990000,93909.720000
110.800000,5926.030000,162.740000,93911.230000
110.900000,5925.700000,161.550000,93912.750000
111.000000,5925.410000,159.950000,93914.640000
111.100000,5925.080000,158.400000,93916.520000
111.200000,5924.790000,157.020000,93918.190000
111.300000,5924.550000,155.820000,93919.630000
111.400000,5924.300000,154.630000,93921.070000
111.500000,5924.030000,153.440000,93922.530000
111.600000,5923.740000,152.390000,93923.870000
111.700000,5923.460000,151.070000,93925.470000
111.800000,5923.160000,149.940000,93926.900000
111.900000,5922.890000,148.600000,93928.510000
112.000000,5922.680000,147.400000,93929.920000
112.100000,5922.490000,146.110000,93931.400000
112.200000,5922.230000,144.870000,93932.900000
112.300000,5921.980000,143.790000,93934.230000
112.400000,5921.790000,142.470000,93935.740000
112.500000,5921.560000,141.420000,93937.020000
112.600000,5921.320000,140.240000,93938.440000
112.700000,5921.090000,138.890000,93940.020000
112.800000,5920.870000,137.800000,93941.330000
112.900000,5920.580000,136.740000,93942.680000
113.000000,5920.280000,135.670000,93944.050000
113.100000,5920.070000,134.720000,93945.210000
113.200000,5919.870000,133.520000,93946.610000
113.300000,5919.630000,132.540000,93947.830000
113.400000,5919.380000,131.320000,93949.300000
113.500000,5919.100000,130.360000,93950.540000
113.600000,5918.920000,129.250000,93951.830000
113.700000,5918.660000,128.370000,93952.970000
113.800000,5918.430000,127.390000,93954.180000
113.900000,5918.250000,126.140000,93955.610000
114.000000,5918.020000,125.050000,93956.930000
114.100000,5917.840000,124.180000,93957.980000
114.200000,5917.630000,123.190000,93959.180000
114.300000,5917.440000,122.220000,93960.340000
114.400000,5917.120000,121.270000,93961.610000
114.500000,5916.950000,120.290000,93962.760000
114.600000,5916.760000,119.300000,93963.940000
114.700000,5916.530000,118.210000,93965.260000
114.800000,5916.270000,117.160000,93966.570000
114.900000,5916.130000,115.730000,93968.140000
115.000000,5915.820000,114.870000,93969.310000
115.100000,5915.680000,113.860000,93970.460000
115.200000,5915.510000,112.980000,93971.510000
115.300000,5915.310000,112.200000,93972.490000
115.400000,5915.160000,111.280000,93973.560000
115.500000,5914.950000,110.630000,93974.420000
115.600000,5914.730000,109.900000,93975.370000
115.700000,5914.580000,109.020000,93976.400000
115.800000,5914.420000,108.070000,93977.510000
115.900000,5914.230000,107.250000,93978.520000
116.000000,5914.090000,106.350000,93979.560000
116.100000,5913.850000,105.470000,93980.680000
116.200000,5913.740000,104.630000,93981.630000
116.300000,5913.560000,103.740000,93982.700000
116.400000,5913.440000,102.850000,93983.710000
116.500000,5913.240000,102.090000,93984.670000
116.600000,5913.050000,101.180000,93985.770000
116.700000,5912.860000,100.350000,93986.790000
116.800000,5912.720000,99.440000,93987.840000
116.900000,5912.480000,98.740000,93988.780000
117.000000,5912.370000,98.040000,93989.590000
117.100000,5912.170000,97.060000,93990.770000
117.200000,5912.020000,96.280000,93991.700000
117.300000,5911.830000,95.500000,93992.670000
117.400000,5911.700000,94.790000,93993.510000
117.500000,5911.580000,93.990000,93994.430000
117.600000,5911.440000,93.320000,93995.240000
117.700000,5911.290000,92.670000,93996.040000
117.800000,5911.150000,91.870000,93996.980000
117.900000,5911.000000,91.160000,93997.840000
118.000000,5910.830000,90.400000,93998.770000
118.100000,5910.690000,89.470000,93999.840000
118.200000,5910.590000,88.490000,94000.920000
118.300000,5910.370000,87.600000,94002.030000
118.400000,5910.220000,86.850000,94002.930000
118.500000,5910.080000,86.130000,94003.790000
118.600000,5909.950000,85.380000,94004.670000
118.700000,5909.790000,84.740000,94005.470000
118.800000,5909.660000,83.830000,94006.510000
118.900000,5909.520000,83.130000,94007.350000
119.000000,5909.340000,82.570000,94008.090000
119.100000,5909.250000,81.850000,94008.900000
119.200000,5909.140000,81.080000,94009.780000
119.300000,5909.020000,80.480000,94010.500000
119.400000,5908.750000,79.960000,94011.290000
119.500000,5908.600000,79.230000,94012.170000
119.600000,5908.420000,78.530000,94013.050000
119.700000,5908.280000,77.870000,94013.850000
119.800000,5908.160000,77.120000,94014.720000
119.900000,5908.040000,76.440000,94015.520000
120.000000,5907.910000,76.000000,94016.090000
120.100000,5907.720000,75.410000,94016.870000
120.200000,5907.590000,74.810000,94017.600000
120.300000,5907.490000,74.160000,94018.350000
120.400000,5907.400000,73.480000,94019.120000
120.500000,5907.240000,72.780000,94019.980000
120.600000,5907.100000,72.380000,94020.520000
120.700000,5906.960000,72.020000,94021.020000
120.800000,5906.870000,71.280000,94021.850000
120.900000,5906.740000,70.650000,94022.610000
121.000000,5906.640000,70.080000,94023.280000
121.100000,5906.470000,69.520000,94024.010000
121.200000,5906.320000,68.870000,94024.810000
121.300000,5906.220000,68.250000,94025.530000
121.400000,5906.100000,67.740000,94026.160000
121.500000,5906.000000,67.050000,94026.950000
121.600000,5905.790000,66.590000,94027.620000
121.700000,5905.590000,66.100000,94028.310000
121.800000,5905.460000,65.600000,94028.940000
121.900000,5905.350000,64.850000,94029.800000
122.000000,5905.220000,64.270000,94030.510000
122.100000,5905.120000,63.740000,94031.140000
122.200000,5905.040000,63.110000,94031.850000
122.300000,5904.930000,62.490000,94032.580000
122.400000,5904.820000,61.910000,94033.270000
122.500000,5904.670000,61.380000,94033.950000
122.600000,5904.590000,60.900000,94034.510000
122.700000,5904.440000,60.390000,94035.170000
122.800000,5904.290000,59.810000,94035.900000
122.900000,5904.190000,59.300000,94036.510000
123.000000,5904.110000,58.850000,94037.040000
123.100000,5904.020000,58.370000,94037.610000
123.200000,5903.930000,57.740000,94038.330000
123.300000,5903.850000,57.280000,94038.870000
123.400000,5903.780000,56.830000,94039.390000
123.500000,5903.710000,56.450000,94039.840000
123.600000,5903.600000,56.080000,94040.320000
123.700000,5903.480000,55.610000,94040.910000
123.800000,5903.350000,55.020000,94041.630000
123.900000,5903.260000,54.460000,94042.280000
124.000000,5903.190000,53.910000,94042.900000
124.100000,5903.100000,53.520000,94043.380000
124.200000,5903.050000,52.970000,94043.980000
124.300000,5902.960000,52.570000,94044.470000
124.400000,5902.910000,52.060000,94045.030000
124.500000,5902.840000,51.560000,94045.600000
124.600000,5902.740000,51.130000,94046.130000
124.700000,5902.630000,50.540000,94046.830000
124.800000,5902.560000,50.050000,94047.390000
124.900000,5902.490000,49.620000,94047.890000
125.000000,5902.400000,49.140000,94048.460000
125.100000,5902.320000,48.780000,94048.900000
125.200000,5902.230000,48.450000,94049.320000
125.300000,5902.140000,48.020000,94049.840000
125.400000,5902.100000,47.680000,94050.220000
125.500000,5902.000000,47.290000,94050.710000
125.600000,5901.960000,46.800000,94051.240000
125.700000,5901.910000,46.470000,94051.620000
125.800000,5901.840000,46.160000,94052.000000
125.900000,5901.800000,45.700000,94052.500000
126.000000,5901.750000,45.260000,94052.990000
126.100000,5901.690000,44.740000,94053.570000
126.200000,5901.630000,44.570000,94053.800000
126.300000,5901.540000,44.330000,94054.130000
126.400000,5901.480000,43.940000,94054.580000
126.500000,5901.350000,43.660000,94054.990000
126.600000,5901.290000,43.310000,94055.400000
126.700000,5901.220000,43.040000,94055.740000
126.800000,5901.170000,42.620000,94056.210000
126.900000,5901.030000,42.400000,94056.570000
127.000000,5900.980000,42.070000,94056.950000
127.100000,5900.890000,41.700000,94057.410000
127.200000,5900.820000,41.270000,94057.910000
127.300000,5900.710000,41.080000,94058.210000
127.400000,5900.640000,40.690000,94058.670000
127.500000,5900.570000,40.370000,94059.060000
127.600000,5900.490000,39.960000,94059.550000
127.700000,5900.430000,39.660000,94059.910000
127.800000,5900.380000,39.260000,94060.360000
127.900000,5900.270000,39.110000,94060.620000
128.000000,5900.230000,38.740000,94061.030000
128.100000,5900.150000,38.410000,94061.440000
128.200000,5900.070000,38.040000,94061.890000
128.300000,5900.020000,37.660000,94062.320000
128.400000,5899.950000,37.390000,94062.660000
128.500000,5899.910000,37.030000,94063.060000
128.600000,5899.820000,36.790000,94063.390000
128.700000,5899.770000,36.450000,94063.780000
128.800000,5899.680000,36.190000,94064.130000
128.900000,5899.610000,35.940000,94064.450000
129.000000,5899.510000,35.800000,94064.690000
129.100000,5899.410000,35.590000,94065.000000
129.200000,5899.380000,35.320000,94065.300000
129.300000,5899.300000,35.070000,94065.630000
129.400000,5899.260000,34.760000,94065.980000
129.500000,5899.200000,34.440000,94066.360000
129.600000,5899.130000,34.240000,94066.630000
129.700000,5899.100000,33.940000,94066.960000
129.800000,5899.050000,33.600000,94067.350000
129.900000,5898.990000,33.360000,94067.650000
130.000000,5898.930000,33.030000,94068.040000
130.100000,5898.800000,32.940000,94068.260000
130.200000,5898.750000,32.660000,94068.590000
130.300000,5898.680000,32.400000,94068.920000
130.400000,5898.620000,32.200000,94069.180000
130.500000,5898.570000,31.920000,94069.510000
130.600000,5898.530000,31.610000,94069.860000
130.700000,5898.490000,31.250000,94070.260000
130.800000,5898.420000,31.090000,94070.490000
130.900000,5898.370000,30.830000,94070.800000
131.000000,5898.320000,30.680000,94071.000000
131.100000,5898.250000,30.370000,94071.380000
131.200000,5898.220000,30.080000,94071.700000
131.300000,5898.150000,29.840000,94072.010000
131.400000,5898.090000,29.660000,94072.250000
131.500000,5898.060000,29.370000,94072.570000
131.600000,5897.990000,29.230000,94072.780000
131.700000,5897.930000,29.040000,94073.030000
131.800000,5897.920000,28.740000,94073.340000
131.900000,5897.860000,28.570000,94073.570000
132.000000,5897.780000,28.330000,94073.890000
132.100000,5897.760000,28.080000,94074.160000
132.200000,5897.720000,27.860000,94074.420000
132.300000,5897.690000,27.610000,94074.700000
132.400000,5897.630000,27.360000,94075.010000
132.500000,5897.570000,27.130000,94075.300000
132.600000,5897.510000,26.980000,94075.510000
132.700000,5897.470000,26.740000,94075.790000
132.800000,5897.410000,26.490000,94076.100000
132.900000,5897.350000,26.260000,94076.390000
133.000000,5897.280000,26.150000,94076.570000
133.100000,5897.280000,25.820000,94076.900000
133.200000,5897.240000,25.700000,94077.060000
133.300000,5897.180000,25.440000,94077.380000
133.400000,5897.120000,25.250000,94077.630000
133.500000,5897.070000,25.030000,94077.900000
133.600000,5897.050000,24.780000,94078.170000
133.700000,5897.020000,24.600000,94078.380000
133.800000,5896.960000,24.350000,94078.690000
133.900000,5896.910000,24.180000,94078.910000
134.000000,5896.850000,23.980000,94079.170000
134.100000,5896.830000,23.700000,94079.470000
134.200000,5896.780000,23.470000,94079.750000
134.300000,5896.710000,23.360000,94079.930000
134.400000,5896.680000,23.220000,94080.100000
134.500000,5896.620000,22.940000,94080.440000
134.600000,5896.540000,22.780000,94080.680000
134.700000,5896.540000,22.570000,94080.890000
134.800000,5896.520000,22.320000,94081.160000
134.900000,5896.500000,22.150000,94081.350000
135.000000,5896.460000,22.030000,94081.510000
135.100000,5896.440000,21.760000,94081.800000
135.200000,5896.410000,21.560000,94082.030000
135.300000,5896.400000,21.370000,94082.230000
135.400000,5896.380000,21.130000,94082.490000
135.500000,5896.330000,20.990000,94082.680000
135.600000,5896.310000,20.800000,94082.890000
135.700000,5896.270000,20.580000,94083.150000
135.800000,5896.200000,20.490000,94083.310000
135.900000,5896.170000,20.280000,94083.550000
136.000000,5896.110000,20.090000,94083.800000
136.100000,5896.070000,19.990000,94083.940000
136.200000,5896.040000,19.850000,94084.110000
136.300000,5895.990000,19.710000,94084.300000
136.400000,5895.970000,19.450000,94084.580000
136.500000,5895.930000,19.310000,94084.760000
136.600000,5895.890000,19.150000,94084.960000
136.700000,5895.840000,19.050000,94085.110000
136.800000,5895.830000,18.870000,94085.300000
136.900000,5895.810000,18.730000,94085.460000
137.000000,5895.790000,18.590000,94085.620000
137.100000,5895.740000,18.450000,94085.810000
137.200000,5895.710000,18.250000,94086.040000
137.300000,5895.660000,18.120000,94086.220000
137.400000,5895.660000,18.000000,94086.340000
137.500000,5895.620000,17.790000,94086.590000
137.600000,5895.590000,17.630000,94086.780000
137.700000,5895.560000,17.550000,94086.890000
137.800000,5895.520000,17.350000,94087.130000
137.900000,5895.480000,17.140000,94087.380000
138.000000,5895.470000,16.970000,94087.560000
138.100000,5895.460000,16.760000,94087.780000
138.200000,5895.420000,16.650000,94087.930000
138.300000,5895.390000,16.550000,94088.060000
138.400000,5895.370000,16.420000,94088.210000
138.500000,5895.360000,16.270000,94088.370000
138.600000,5895.340000,16.180000,94088.480000
138.700000,5895.320000,16.000000,94088.680000
138.800000,5895.290000,15.890000,94088.820000
138.900000,5895.270000,15.760000,94088.970000
139.000000,5895.210000,15.750000,94089.040000
139.100000,5895.170000,15.650000,94089.180000
139.200000,5895.130000,15.520000,94089.350000
139.300000,5895.130000,15.420000,94089.450000
139.400000,5895.090000,15.290000,94089.620000
139.500000,5895.090000,15.080000,94089.830000
139.600000,5895.080000,14.970000,94089.950000
139.700000,5895.030000,14.900000,94090.070000
139.800000,5895.000000,14.800000,94090.200000
139.900000,5894.980000,14.640000,94090.380000
140.000000,5894.960000,14.530000,94090.510000
140.100000,5894.940000,14.460000,94090.600000
140.200000,5894.910000,14.340000,94090.750000
140.300000,5894.910000,14.140000,94090.950000
140.400000,5894.900000,14.000000,94091.100000
140.500000,5894.880000,13.920000,94091.200000
140.600000,5894.860000,13.840000,94091.300000
140.700000,5894.810000,13.790000,94091.400000
140.800000,5894.800000,13.610000,94091.590000
140.900000,5894.790000,13.490000,94091.720000
141.000000,5894.780000,13.290000,94091.930000
141.100000,5894.750000,13.180000,94092.070000
141.200000,5894.730000,13.120000,94092.150000
141.300000,5894.720000,12.980000,94092.300000
141.400000,5894.690000,12.790000,94092.520000
141.500000,5894.670000,12.640000,94092.690000
141.600000,5894.640000,12.550000,94092.810000
141.700000,5894.630000,12.410000,94092.960000
141.800000,5894.620000,12.280000,94093.100000
141.900000,5894.590000,12.180000,94093.230000
142.000000,5894.570000,12.090000,94093.340000
142.100000,5894.540000,11.920000,94093.540000
142.200000,5894.530000,11.750000,94093.720000
142.300000,5894.520000,11.600000,94093.880000
142.400000,5894.520000,11.520000,94093.960000
142.500000,5894.490000,11.390000,94094.120000
142.600000,5894.490000,11.300000,94094.210000
142.700000,5894.490000,11.170000,94094.340000
142.800000,5894.460000,11.090000,94094.450000
142.900000,5894.460000,11.020000,94094.520000
143.000000,5894.460000,10.910000,94094.630000
143.100000,5894.460000,10.710000,94094.830000
143.200000,5894.440000,10.610000,94094.950000
143.300000,5894.410000,10.610000,94094.980000
143.400000,5894.410000,10.490000,94095.100000
143.500000,5894.400000,10.430000,94095.170000
143.600000,5894.390000,10.380000,94095.230000
143.700000,5894.370000,10.230000,94095.400000
143.800000,5894.360000,10.120000,94095.520000
143.900000,5894.340000,10.050000,94095.610000
144.000000,5894.320000,9.990000,94095.690000
144.100000,5894.310000,9.910000,94095.780000
144.200000,5894.280000,9.840000,94095.880000
144.300000,5894.270000,9.780000,94095.950000
144.400000,5894.260000,9.700000,94096.040000
144.500000,5894.230000,9.670000,94096.100000
144.600000,5894.230000,9.550000,94096.220000
144.700000,5894.220000,9.460000,94096.320000
144.800000,5894.190000,9.420000,94096.390000
144.900000,5894.170000,9.310000,94096.520000
145.000000,5894.160000,9.240000,94096.600000
145.100000,5894.120000,9.150000,94096.730000
145.200000,5894.100000,9.110000,94096.790000
145.300000,5894.090000,9.070000,94096.840000
145.400000,5894.080000,8.950000,94096.970000
145.500000,5894.060000,8.930000,94097.010000
145.600000,5894.040000,8.850000,94097.110000
145.700000,5894.010000,8.790000,94097.200000
145.800000,5894.010000,8.690000,94097.300000
145.900000,5894.000000,8.600000,94097.400000
146.000000,5893.990000,8.520000,94097.490000
146.100000,5893.950000,8.450000,94097.600000
146.200000,5893.950000,8.370000,94097.680000
146.300000,5893.950000,8.300000,94097.750000
146.400000,5893.950000,8.210000,94097.840000
146.500000,5893.950000,8.120000,94097.930000
146.600000,5893.930000,8.030000,94098.040000
146.700000,5893.920000,7.910000,94098.170000
146.800000,5893.920000,7.840000,94098.240000
146.900000,5893.900000,7.810000,94098.290000
147.000000,5893.880000,7.740000,94098.380000
147.100000,5893.880000,7.660000,94098.460000
147.200000,5893.870000,7.600000,94098.530000
147.300000,5893.860000,7.540000,94098.600000
147.400000,5893.850000,7.450000,94098.700000
147.500000,5893.830000,7.370000,94098.800000
147.600000,5893.830000,7.250000,94098.920000
147.700000,5893.830000,7.230000,94098.940000
147.800000,5893.810000,7.140000,94099.050000
147.900000,5893.810000,7.090000,94099.100000
148.000000,5893.800000,7.040000,94099.160000
148.100000,5893.790000,6.950000,94099.260000
148.200000,5893.780000,6.880000,94099.340000
148.300000,5893.770000,6.810000,94099.420000
148.400000,5893.760000,6.740000,94099.500000
148.500000,5893.760000,6.690000,94099.550000
148.600000,5893.750000,6.630000,94099.620000
148.700000,5893.750000,6.570000,94099.680000
148.800000,5893.750000,6.490000,94099.760000
148.900000,5893.720000,6.440000,94099.840000
149.000000,5893.700000,6.390000,94099.910000
149.100000,5893.680000,6.350000,94099.970000
149.200000,5893.680000,6.300000,94100.020000
149.300000,5893.670000,6.200000,94100.130000
149.400000,5893.670000,6.170000,94100.160000
149.500000,5893.670000,6.120000,94100.210000
149.600000,5893.650000,6.090000,94100.260000
149.700000,5893.640000,6.000000,94100.360000
149.800000,5893.620000,5.930000,94100.450000
149.900000,5893.610000,5.880000,94100.510000
150.000000,5893.590000,5.860000,94100.550000
150.100000,5893.590000,5.820000,94100.590000
150.200000,5893.590000,5.780000,94100.630000
150.300000,5893.580000,5.740000,94100.680000
150.400000,5893.580000,5.630000,94100.790000
150.500000,5893.580000,5.580000,94100.840000
150.600000,5893.570000,5.560000,94100.870000
150.700000,5893.570000,5.530000,94100.900000
150.800000,5893.570000,5.500000,94100.930000
150.900000,5893.570000,5.490000,94100.940000
151.000000,5893.560000,5.450000,94100.990000
151.100000,5893.560000,5.390000,94101.050000
151.200000,5893.560000,5.370000,94101.070000
151.300000,5893.550000,5.350000,94101.100000
151.400000,5893.550000,5.320000,94101.130000
151.500000,5893.540000,5.220000,94101.240000
151.600000,5893.540000,5.130000,94101.330000
151.700000,5893.530000,5.080000,94101.390000
151.800000,5893.520000,5.050000,94101.430000
151.900000,5893.510000,5.020000,94101.470000
152.000000,5893.500000,4.930000,94101.570000
152.100000,5893.490000,4.930000,94101.580000
152.200000,5893.490000,4.860000,94101.650000
152.300000,5893.470000,4.870000,94101.660000
152.400000,5893.450000,4.850000,94101.700000
152.500000,5893.450000,4.800000,94101.750000
152.600000,5893.450000,4.760000,94101.790000
152.700000,5893.450000,4.690000,94101.860000
152.800000,5893.450000,4.620000,94101.930000
152.900000,5893.450000,4.570000,94101.980000
153.000000,5893.440000,4.530000,94102.030000
153.100000,5893.430000,4.510000,94102.060000
153.200000,5893.400000,4.510000,94102.090000
153.300000,5893.380000,4.480000,94102.140000
153.400000,5893.370000,4.430000,94102.200000
153.500000,5893.360000,4.400000,94102.240000
153.600000,5893.360000,4.380000,94102.260000
153.700000,5893.350000,4.360000,94102.290000
153.800000,5893.340000,4.330000,94102.330000
153.900000,5893.340000,4.270000,94102.390000
154.000000,5893.340000,4.240000,94102.420000
154.100000,5893.320000,4.210000,94102.470000
154.200000,5893.300000,4.190000,94102.510000
154.300000,5893.280000,4.160000,94102.560000
154.400000,5893.270000,4.140000,94102.590000
154.500000,5893.260000,4.090000,94102.650000
154.600000,5893.260000,4.060000,94102.680000
154.700000,5893.250000,4.030000,94102.720000
154.800000,5893.250000,3.980000,94102.770000
154.900000,5893.240000,3.970000,94102.790000
155.000000,5893.230000,3.950000,94102.820000
155.100000,5893.220000,3.910000,94102.870000
155.200000,5893.200000,3.890000,94102.910000
155.300000,5893.190000,3.870000,94102.940000
155.400000,5893.180000,3.850000,94102.970000
155.500000,5893.170000,3.840000,94102.990000
155.600000,5893.170000,3.810000,94103.020000
155.700000,5893.150000,3.770000,94103.080000
155.800000,5893.140000,3.750000,94103.110000
155.900000,5893.130000,3.750000,94103.120000
156.000000,5893.130000,3.710000,94103.160000
156.100000,5893.100000,3.730000,94103.170000
156.200000,5893.100000,3.640000,94103.260000
156.300000,5893.100000,3.620000,94103.280000
156.400000,5893.090000,3.600000,94103.310000
156.500000,5893.070000,3.580000,94103.350000
156.600000,5893.070000,3.540000,94103.390000
156.700000,5893.070000,3.510000,94103.420000
156.800000,5893.070000,3.490000,94103.440000
156.900000,5893.070000,3.480000,94103.450000
157.000000,5893.070000,3.440000,94103.490000
157.100000,5893.050000,3.430000,94103.520000
157.200000,5893.050000,3.410000,94103.540000
157.300000,5893.050000,3.390000,94103.560000
157.400000,5893.050000,3.370000,94103.580000
157.500000,5893.050000,3.310000,94103.640000
157.600000,5893.040000,3.250000,94103.710000
157.700000,5893.040000,3.200000,94103.760000
157.800000,5893.040000,3.160000,94103.800000
157.900000,5893.040000,3.150000,94103.810000
158.000000,5893.030000,3.110000,94103.860000
158.100000,5893.030000,3.100000,94103.870000
158.200000,5893.020000,3.080000,94103.900000
158.300000,5893.020000,3.070000,94103.910000
158.400000,5893.020000,3.050000,94103.930000
158.500000,5893.020000,3.040000,94103.940000
158.600000,5893.010000,3.010000,94103.980000
158.700000,5893.010000,2.980000,94104.010000
158.800000,5892.990000,2.960000,94104.050000
158.900000,5892.990000,2.920000,94104.090000
159.000000,5892.990000,2.870000,94104.140000
159.100000,5892.980000,2.860000,94104.160000
159.200000,5892.980000,2.840000,94104.180000
159.300000,5892.980000,2.780000,94104.240000
159.400000,5892.970000,2.700000,94104.330000
159.500000,5892.960000,2.700000,94104.340000
159.600000,5892.960000,2.670000,94104.370000
159.700000,5892.940000,2.620000,94104.440000
159.800000,5892.930000,2.620000,94104.450000
159.900000,5892.930000,2.590000,94104.480000
160.000000,5892.920000,2.560000,94104.520000
160.100000,5892.920000,2.510000,94104.570000
160.200000,5892.920000,2.510000,94104.570000
160.300000,5892.890000,2.520000,94104.590000
160.400000,5892.870000,2.530000,94104.600000
160.500000,5892.870000,2.520000,94104.610000
160.600000,5892.860000,2.510000,94104.630000
160.700000,5892.860000,2.470000,94104.670000
160.800000,5892.850000,2.450000,94104.700000
160.900000,5892.850000,2.410000,94104.740000
161.000000,5892.840000,2.390000,94104.770000
161.100000,5892.840000,2.390000,94104.770000
161.200000,5892.840000,2.360000,94104.800000
161.300000,5892.840000,2.320000,94104.840000
161.400000,5892.840000,2.280000,94104.880000
161.500000,5892.830000,2.290000,94104.880000
161.600000,5892.830000,2.250000,94104.920000
161.700000,5892.830000,2.230000,94104.940000
161.800000,5892.830000,2.230000,94104.940000
161.900000,5892.830000,2.220000,94104.950000
162.000000,5892.830000,2.190000,94104.980000
162.100000,5892.830000,2.160000,94105.010000
162.200000,5892.830000,2.150000,94105.020000
162.300000,5892.830000,2.140000,94105.030000
162.400000,5892.820000,2.130000,94105.050000
162.500000,5892.820000,2.090000,94105.090000
162.600000,5892.820000,2.070000,94105.110000
162.700000,5892.810000,2.080000,94105.110000
162.800000,5892.810000,2.060000,94105.130000
162.900000,5892.810000,2.040000,94105.150000
163.000000,5892.810000,2.030000,94105.160000
163.100000,5892.800000,2.020000,94105.180000
163.200000,5892.790000,2.020000,94105.190000
163.300000,5892.790000,2.020000,94105.190000
163.400000,5892.780000,2.010000,94105.210000
163.500000,5892.780000,1.970000,94105.250000
163.600000,5892.780000,1.960000,94105.260000
163.700000,5892.780000,1.930000,94105.290000
163.800000,5892.770000,1.930000,94105.300000
163.900000,5892.770000,1.930000,94105.300000
164.000000,5892.770000,1.900000,94105.330000
164.100000,5892.760000,1.900000,94105.340000
164.200000,5892.760000,1.870000,94105.370000
164.300000,5892.760000,1.860000,94105.380000
164.400000,5892.760000,1.820000,94105.420000
164.500000,5892.760000,1.790000,94105.450000
164.600000,5892.740000,1.800000,94105.460000
164.700000,5892.740000,1.770000,94105.490000
164.800000,5892.730000,1.740000,94105.530000
164.900000,5892.730000,1.730000,94105.540000
165.000000,5892.720000,1.730000,94105.550000
165.100000,5892.710000,1.730000,94105.560000
165.200000,5892.700000,1.740000,94105.560000
165.300000,5892.690000,1.740000,94105.570000
165.400000,5892.690000,1.720000,94105.590000
165.500000,5892.690000,1.710000,94105.600000
165.600000,5892.690000,1.690000,94105.620000
165.700000,5892.690000,1.670000,94105.640000
165.800000,5892.690000,1.630000,94105.680000
165.900000,5892.690000,1.610000,94105.700000
166.000000,5892.690000,1.590000,94105.720000
166.100000,5892.690000,1.580000,94105.730000
166.200000,5892.690000,1.570000,94105.740000
166.300000,5892.690000,1.560000,94105.750000
166.400000,5892.680000,1.550000,94105.770000
166.500000,5892.680000,1.540000,94105.780000
166.600000,5892.670000,1.540000,94105.790000
166.700000,5892.660000,1.520000,94105.820000
166.800000,5892.660000,1.500000,94105.840000
166.900000,5892.660000,1.490000,94105.850000
167.000000,5892.660000,1.490000,94105.850000
167.100000,5892.660000,1.480000,94105.860000
167.200000,5892.660000,1.450000,94105.890000
167.300000,5892.650000,1.420000,94105.930000
167.400000,5892.640000,1.410000,94105.950000
167.500000,5892.630000,1.420000,94105.950000
167.600000,5892.630000,1.410000,94105.960000
167.700000,5892.630000,1.400000,94105.970000
167.800000,5892.630000,1.400000,94105.970000
167.900000,5892.610000,1.390000,94106.000000
168.000000,5892.600000,1.390000,94106.010000
168.100000,5892.590000,1.380000,94106.030000
168.200000,5892.590000,1.350000,94106.060000
168.300000,5892.580000,1.350000,94106.070000
168.400000,5892.580000,1.330000,94106.090000
168.500000,5892.580000,1.310000,94106.110000
168.600000,5892.580000,1.290000,94106.130000
168.700000,5892.580000,1.260000,94106.160000
168.800000,5892.580000,1.250000,94106.170000
168.900000,5892.570000,1.250000,94106.180000
169.000000,5892.570000,1.240000,94106.190000
169.100000,5892.570000,1.230000,94106.200000
169.200000,5892.570000,1.210000,94106.220000
169.300000,5892.570000,1.180000,94106.250000
169.400000,5892.570000,1.180000,94106.250000
169.500000,5892.570000,1.170000,94106.260000
169.600000,5892.570000,1.160000,94106.270000
169.700000,5892.570000,1.130000,94106.300000
169.800000,5892.570000,1.100000,94106.330000
169.900000,5892.570000,1.100000,94106.330000
170.000000,5892.570000,1.100000,94106.330000
170.100000,5892.570000,1.100000,94106.330000
170.200000,5892.570000,1.090000,94106.340000
170.300000,5892.570000,1.070000,94106.360000
170.400000,5892.570000,1.060000,94106.370000
170.500000,5892.560000,1.060000,94106.380000
170.600000,5892.560000,1.040000,94106.400000
170.700000,5892.550000,1.040000,94106.410000
170.800000,5892.550000,1.030000,94106.420000
170.900000,5892.550000,1.000000,94106.450000
171.000000,5892.550000,0.990000,94106.460000
171.100000,5892.550000,0.980000,94106.470000
171.200000,5892.550000,0.970000,94106.480000
171.300000,5892.550000,0.960000,94106.490000
171.400000,5892.550000,0.950000,94106.500000
171.500000,5892.540000,0.950000,94106.510000
171.600000,5892.540000,0.940000,94106.520000
171.700000,5892.540000,0.930000,94106.530000
171.800000,5892.540000,0.930000,94106.530000
171.900000,5892.540000,0.930000,94106.530000
172.000000,5892.540000,0.920000,94106.540000
172.100000,5892.520000,0.930000,94106.550000
172.200000,5892.520000,0.930000,94106.550000
172.300000,5892.520000,0.930000,94106.550000
172.400000,5892.520000,0.930000,94106.550000
172.500000,5892.520000,0.920000,94106.560000
172.600000,5892.520000,0.920000,94106.560000
172.700000,5892.520000,0.890000,94106.590000
172.800000,5892.520000,0.880000,94106.600000
172.900000,5892.520000,0.870000,94106.610000
173.000000,5892.520000,0.850000,94106.630000
173.100000,5892.520000,0.850000,94106.630000
173.200000,5892.520000,0.840000,94106.640000
173.300000,5892.520000,0.820000,94106.660000
173.400000,5892.520000,0.820000,94106.660000
173.500000,5892.520000,0.810000,94106.670000
173.600000,5892.520000,0.800000,94106.680000
173.700000,5892.520000,0.780000,94106.700000
173.800000,5892.520000,0.770000,94106.710000
173.900000,5892.520000,0.770000,94106.710000
174.000000,5892.520000,0.770000,94106.710000
174.100000,5892.510000,0.780000,94106.710000
174.200000,5892.510000,0.770000,94106.720000
174.300000,5892.510000,0.760000,94106.730000
174.400000,5892.510000,0.760000,94106.730000
174.500000,5892.510000,0.750000,94106.740000
174.600000,5892.510000,0.740000,94106.750000
174.700000,5892.510000,0.730000,94106.760000
174.800000,5892.510000,0.720000,94106.770000
174.900000,5892.510000,0.700000,94106.790000
175.000000,5892.510000,0.700000,94106.790000
175.100000,5892.500000,0.700000,94106.800000
175.200000,5892.500000,0.690000,94106.810000
175.300000,5892.500000,0.680000,94106.820000
175.400000,5892.500000,0.670000,94106.830000
175.500000,5892.490000,0.670000,94106.840000
175.600000,5892.490000,0.650000,94106.860000
175.700000,5892.490000,0.650000,94106.860000
175.800000,5892.490000,0.640000,94106.870000
175.900000,5892.490000,0.630000,94106.880000
176.000000,5892.490000,0.620000,94106.890000
176.100000,5892.490000,0.620000,94106.890000
176.200000,5892.490000,0.610000,94106.900000
176.300000,5892.490000,0.610000,94106.900000
176.400000,5892.490000,0.600000,94106.910000
176.500000,5892.490000,0.600000,94106.910000
176.600000,5892.490000,0.600000,94106.910000
176.700000,5892.490000,0.600000,94106.910000
176.800000,5892.490000,0.570000,94106.940000
176.900000,5892.480000,0.580000,94106.940000
177.000000,5892.480000,0.580000,94106.940000
177.100000,5892.480000,0.560000,94106.960000
177.200000,5892.470000,0.570000,94106.960000
177.300000,5892.470000,0.550000,94106.980000
177.400000,5892.470000,0.550000,94106.980000
177.500000,5892.470000,0.550000,94106.980000
177.600000,5892.470000,0.540000,94106.990000
177.700000,5892.470000,0.540000,94106.990000
177.800000,5892.470000,0.540000,94106.990000
177.900000,5892.470000,0.540000,94106.990000
178.000000,5892.470000,0.540000,94106.990000
178.100000,5892.460000,0.550000,94106.990000
178.200000,5892.450000,0.540000,94107.010000
178.300000,5892.450000,0.530000,94107.020000
178.400000,5892.450000,0.530000,94107.020000
178.500000,5892.450000,0.530000,94107.020000
178.600000,5892.450000,0.510000,94107.040000
178.700000,5892.450000,0.510000,94107.040000
178.800000,5892.450000,0.510000,94107.040000
178.900000,5892.450000,0.490000,94107.060000
179.000000,5892.450000,0.490000,94107.060000
179.100000,5892.450000,0.490000,94107.060000
179.200000,5892.450000,0.490000,94107.060000
179.300000,5892.450000,0.490000,94107.060000
179.400000,5892.450000,0.480000,94107.070000
179.500000,5892.450000,0.480000,94107.070000
179.600000,5892.450000,0.480000,94107.070000
179.700000,5892.450000,0.470000,94107.080000
179.800000,5892.450000,0.470000,94107.080000
179.900000,5892.450000,0.460000,94107.090000
180.000000,5892.450000,0.460000,94107.090000
180.100000,5892.450000,0.450000,94107.100000
180.200000,5892.450000,0.450000,94107.100000
180.300000,5892.450000,0.450000,94107.100000
180.400000,5892.450000,0.450000,94107.100000
180.500000,5892.450000,0.450000,94107.100000
180.600000,5892.450000,0.450000,94107.100000
180.700000,5892.440000,0.450000,94107.110000
180.800000,5892.440000,0.440000,94107.120000
180.900000,5892.440000,0.440000,94107.120000
181.000000,5892.440000,0.440000,94107.120000
181.100000,5892.440000,0.440000,94107.120000
181.200000,5892.440000,0.440000,94107.120000
181.300000,5892.430000,0.440000,94107.130000
181.400000,5892.430000,0.420000,94107.150000
181.500000,5892.430000,0.420000,94107.150000
181.600000,5892.430000,0.400000,94107.170000
181.700000,5892.430000,0.390000,94107.180000
181.800000,5892.430000,0.390000,94107.180000
181.900000,5892.430000,0.390000,94107.180000
182.000000,5892.430000,0.380000,94107.190000
182.100000,5892.430000,0.370000,94107.200000
182.200000,5892.430000,0.360000,94107.210000
182.300000,5892.430000,0.350000,94107.220000
182.400000,5892.430000,0.350000,94107.220000
182.500000,5892.430000,0.350000,94107.220000
182.600000,5892.430000,0.350000,94107.220000
182.700000,5892.430000,0.350000,94107.220000
182.800000,5892.430000,0.350000,94107.220000
182.900000,5892.430000,0.350000,94107.220000
183.000000,5892.430000,0.350000,94107.220000
183.100000,5892.430000,0.350000,94107.220000
183.200000,5892.430000,0.350000,94107.220000
183.300000,5892.430000,0.340000,94107.230000
183.400000,5892.430000,0.340000,94107.230000
183.500000,5892.430000,0.340000,94107.230000
183.600000,5892.430000,0.340000,94107.230000
183.700000,5892.430000,0.340000,94107.230000
183.800000,5892.430000,0.330000,94107.240000
183.900000,5892.430000,0.330000,94107.240000
184.000000,5892.430000,0.330000,94107.240000
184.100000,5892.430000,0.330000,94107.240000
184.200000,5892.430000,0.330000,94107.240000
184.300000,5892.430000,0.320000,94107.250000
184.400000,5892.430000,0.320000,94107.250000
184.500000,5892.430000,0.320000,94107.250000
184.600000,5892.430000,0.320000,94107.250000
184.700000,5892.430000,0.320000,94107.250000
184.800000,5892.430000,0.320000,94107.250000
184.900000,5892.430000,0.320000,94107.250000
185.000000,5892.430000,0.320000,94107.250000
185.100000,5892.430000,0.300000,94107.270000
185.200000,5892.430000,0.290000,94107.280000
185.300000,5892.430000,0.280000,94107.290000
185.400000,5892.430000,0.280000,94107.290000
185.500000,5892.430000,0.280000,94107.290000
185.600000,5892.430000,0.280000,94107.290000
185.700000,5892.430000,0.270000,94107.300000
185.800000,5892.430000,0.270000,94107.300000
185.900000,5892.420000,0.280000,94107.300000
186.000000,5892.420000,0.280000,94107.300000
186.100000,5892.420000,0.260000,94107.320000
186.200000,5892.420000,0.260000,94107.320000
186.300000,5892.410000,0.270000,94107.320000
186.400000,5892.410000,0.270000,94107.320000
186.500000,5892.410000,0.260000,94107.330000
186.600000,5892.410000,0.250000,94107.340000
186.700000,5892.410000,0.250000,94107.340000
186.800000,5892.410000,0.250000,94107.340000
186.900000,5892.410000,0.250000,94107.340000
187.000000,5892.410000,0.250000,94107.340000
187.100000,5892.410000,0.250000,94107.340000
187.200000,5892.410000,0.250000,94107.340000
187.300000,5892.410000,0.240000,94107.350000
187.400000,5892.400000,0.250000,94107.350000
187.500000,5892.400000,0.240000,94107.360000
187.600000,5892.400000,0.240000,94107.360000
187.700000,5892.400000,0.240000,94107.360000
187.800000,5892.400000,0.240000,94107.360000
187.900000,5892.400000,0.240000,94107.360000
188.000000,5892.400000,0.240000,94107.360000
188.100000,5892.400000,0.240000,94107.360000
188.200000,5892.400000,0.240000,94107.360000
188.300000,5892.400000,0.240000,94107.360000
188.400000,5892.400000,0.240000,94107.360000
188.500000,5892.400000,0.240000,94107.360000
188.600000,5892.400000,0.240000,94107.360000
188.700000,5892.400000,0.240000,94107.360000
188.800000,5892.400000,0.240000,94107.360000
188.900000,5892.400000,0.230000,94107.370000
189.000000,5892.400000,0.230000,94107.370000
189.100000,5892.400000,0.230000,94107.370000
189.200000,5892.400000,0.230000,94107.370000
189.300000,5892.400000,0.230000,94107.370000
189.400000,5892.400000,0.220000,94107.380000
189.500000,5892.400000,0.220000,94107.380000
189.600000,5892.400000,0.220000,94107.380000
189.700000,5892.400000,0.220000,94107.380000
189.800000,5892.400000,0.210000,94107.390000
189.900000,5892.400000,0.200000,94107.400000
190.000000,5892.400000,0.190000,94107.410000
190.100000,5892.400000,0.190000,94107.410000
190.200000,5892.400000,0.190000,94107.410000
190.300000,5892.400000,0.190000,94107.410000
190.400000,5892.400000,0.190000,94107.410000
190.500000,5892.400000,0.190000,94107.410000
190.600000,5892.400000,0.190000,94107.410000
190.700000,5892.400000,0.190000,94107.410000
190.800000,5892.400000,0.180000,94107.420000
190.900000,5892.400000,0.160000,94107.440000
191.000000,5892.400000,0.160000,94107.440000
191.100000,5892.400000,0.160000,94107.440000
191.200000,5892.400000,0.150000,94107.450000
191.300000,5892.400000,0.140000,94107.460000
191.400000,5892.400000,0.140000,94107.460000
191.500000,5892.400000,0.130000,94107.470000
191.600000,5892.400000,0.130000,94107.470000
191.700000,5892.400000,0.120000,94107.480000
191.800000,5892.390000,0.130000,94107.480000
191.900000,5892.390000,0.130000,94107.480000
192.000000,5892.390000,0.130000,94107.480000
192.100000,5892.390000,0.130000,94107.480000
192.200000,5892.390000,0.130000,94107.480000
192.300000,5892.390000,0.130000,94107.480000
192.400000,5892.390000,0.130000,94107.480000
192.500000,5892.390000,0.130000,94107.480000
192.600000,5892.390000,0.130000,94107.480000
192.700000,5892.390000,0.120000,94107.490000
192.800000,5892.390000,0.120000,94107.490000
192.900000,5892.390000,0.120000,94107.490000
193.000000,5892.390000,0.120000,94107.490000
193.100000,5892.390000,0.120000,94107.490000
193.200000,5892.390000,0.120000,94107.490000
193.300000,5892.390000,0.120000,94107.490000
193.400000,5892.390000,0.120000,94107.490000
193.500000,5892.390000,0.120000,94107.490000
193.600000,5892.390000,0.120000,94107.490000
193.700000,5892.390000,0.120000,94107.490000
193.800000,5892.390000,0.110000,94107.500000
193.900000,5892.390000,0.110000,94107.500000
194.000000,5892.390000,0.110000,94107.500000
194.100000,5892.390000,0.110000,94107.500000
194.200000,5892.390000,0.110000,94107.500000
194.300000,5892.390000,0.110000,94107.500000
194.400000,5892.390000,0.110000,94107.500000
194.500000,5892.390000,0.110000,94107.500000
194.600000,5892.390000,0.110000,94107.500000
194.700000,5892.390000,0.110000,94107.500000
194.800000,5892.390000,0.110000,94107.500000
194.900000,5892.390000,0.110000,94107.500000
195.000000,5892.380000,0.120000,94107.500000
195.100000,5892.380000,0.120000,94107.500000
195.200000,5892.380000,0.120000,94107.500000
195.300000,5892.380000,0.120000,94107.500000
195.400000,5892.380000,0.120000,94107.500000
195.500000,5892.380000,0.120000,94107.500000
195.600000,5892.370000,0.130000,94107.500000
195.700000,5892.370000,0.130000,94107.500000
195.800000,5892.370000,0.130000,94107.500000
195.900000,5892.370000,0.120000,94107.510000
196.000000,5892.370000,0.120000,94107.510000
196.100000,5892.370000,0.120000,94107.510000
196.200000,5892.370000,0.120000,94107.510000
196.300000,5892.370000,0.110000,94107.520000
196.400000,5892.370000,0.110000,94107.520000
196.500000,5892.370000,0.110000,94107.520000
196.600000,5892.370000,0.110000,94107.520000
196.700000,5892.370000,0.100000,94107.530000
196.800000,5892.370000,0.090000,94107.540000
196.900000,5892.370000,0.090000,94107.540000
197.000000,5892.370000,0.090000,94107.540000
197.100000,5892.370000,0.090000,94107.540000
197.200000,5892.370000,0.090000,94107.540000
197.300000,5892.370000,0.080000,94107.550000
197.400000,5892.370000,0.080000,94107.550000
197.500000,5892.370000,0.080000,94107.550000
197.600000,5892.370000,0.080000,94107.550000
197.700000,5892.370000,0.080000,94107.550000
197.800000,5892.370000,0.080000,94107.550000
197.900000,5892.370000,0.080000,94107.550000
198.000000,5892.370000,0.080000,94107.550000
198.100000,5892.370000,0.080000,94107.550000
198.200000,5892.370000,0.080000,94107.550000
198.300000,5892.370000,0.080000,94107.550000
198.400000,5892.370000,0.070000,94107.560000
198.500000,5892.360000,0.080000,94107.560000
198.600000,5892.360000,0.080000,94107.560000
198.700000,5892.360000,0.080000,94107.560000
198.800000,5892.360000,0.080000,94107.560000
198.900000,5892.360000,0.080000,94107.560000
199.000000,5892.360000,0.080000,94107.560000
199.100000,5892.360000,0.080000,94107.560000
199.200000,5892.360000,0.080000,94107.560000
199.300000,5892.360000,0.080000,94107.560000
199.400000,5892.360000,0.080000,94107.560000
199.500000,5892.360000,0.070000,94107.570000
199.600000,5892.360000,0.070000,94107.570000
199.700000,5892.360000,0.070000,94107.570000
199.800000,5892.360000,0.070000,94107.570000
199.900000,5892.360000,0.070000,94107.570000
200.000000,5892.360000,0.070000,94107.570000
